Year,Match Number,Round Number,Date,Location,Home Team,Away Team,Home Score,Away Score,Winner
2017,1,1,27-10-2017 17:20,Allianz Stadium,Sydney FC,Brisbane Roar,1,3,Brisbane Roar
2017,2,1,27-10-2017 22:00,nib Stadium,Perth Glory,Melbourne City,4,1,Perth Glory
2017,3,1,28-10-2017 16:30,Epping Stadium,Melbourne Victory,Canberra United,2,1,Melbourne Victory
2017,4,1,29-10-2017 14:30,McDonald Jones Stadium,Newcastle Jets,Western Sydney Wanderers,2,1,Newcastle Jets
2017,5,2,03-11-2017 17:20,AAMI Park,Melbourne City,Melbourne Victory,1,0,Melbourne City
2017,6,2,03-11-2017 19:30,Marconi Stadium,Western Sydney Wanderers,Adelaide United,2,1,Western Sydney Wanderers
2017,7,2,04-11-2017 17:00,McDonald Jones Stadium,Newcastle Jets,Sydney FC,2,0,Newcastle Jets
2017,8,2,05-11-2017 14:30,Suncorp Stadium,Brisbane Roar,Perth Glory,1,4,Perth Glory
2017,9,3,10-11-2017 17:20,Marden Sports Complex,Adelaide United,Perth Glory,3,1,Adelaide United
2017,10,3,10-11-2017 19:30,Marconi Stadium,Western Sydney Wanderers,Brisbane Roar,0,1,Brisbane Roar
2017,11,3,12-11-2017 16:30,McKellar Park,Canberra United,Sydney FC,3,2,Canberra United
2017,12,3,12-11-2017 16:30,AAMI Park,Melbourne City,Newcastle Jets,5,2,Melbourne City
2017,13,4,17-11-2017 17:20,Suncorp Stadium,Brisbane Roar,Adelaide United,1,0,Brisbane Roar
2017,14,4,18-11-2017 17:00,Allianz Stadium,Sydney FC,Melbourne City,3,2,Sydney FC
2017,15,4,19-11-2017 16:30,No.2 Sportsground,Newcastle Jets,Canberra United,1,2,Canberra United
2017,16,4,19-11-2017 16:30,nib Stadium,Perth Glory,Melbourne Victory,3,1,Perth Glory
2017,18,5,24-11-2017 19:30,Lakeside Stadium,Melbourne Victory,Western Sydney Wanderers,1,1,Draw
2017,17,5,25-11-2017 16:00,McKellar Park,Canberra United,Perth Glory,3,2,Canberra United
2017,19,5,25-11-2017 19:30,Marden Sports Complex,Adelaide United,Newcastle Jets,1,2,Newcastle Jets
2017,20,6,01-12-2017 16:30,Marconi Stadium,Western Sydney Wanderers,Perth Glory,0,1,Perth Glory
2017,21,6,02-12-2017 16:00,Cromer Park,Sydney FC,Melbourne Victory,2,0,Sydney FC
2017,22,6,03-12-2017 16:30,McKellar Park,Canberra United,Brisbane Roar,0,1,Brisbane Roar
2017,23,6,03-12-2017 17:00,Lakeside Stadium,Melbourne City,Adelaide United,1,1,Draw
2017,24,7,09-12-2017 16:30,Lakeside Stadium,Melbourne Victory,Adelaide United,4,0,Melbourne Victory
2017,25,7,09-12-2017 17:00,ANZ Stadium,Western Sydney Wanderers,Sydney FC,1,3,Sydney FC
2017,26,7,10-12-2017 16:30,AAMI Park,Melbourne City,Canberra United,2,1,Melbourne City
2017,27,7,10-12-2017 17:30,A.J Kelly Reserve,Brisbane Roar,Newcastle Jets,0,3,Newcastle Jets
2017,28,8,15-12-2017 17:20,Allianz Stadium,Sydney FC,Canberra United,3,0,Sydney FC
2017,29,8,15-12-2017 20:00,Marden Sports Complex,Adelaide United,Western Sydney Wanderers,1,2,Western Sydney Wanderers
2017,30,8,16-12-2017 20:15,McDonald Jones Stadium,Newcastle Jets,Perth Glory,3,3,Draw
2017,31,8,17-12-2017 16:30,Suncorp Stadium,Brisbane Roar,Melbourne City,2,0,Brisbane Roar
2017,32,9,29-12-2017 17:20,AAMI Park,Melbourne Victory,Newcastle Jets,1,3,Newcastle Jets
2017,33,9,29-12-2017 20:00,Marden Sports Complex,Adelaide United,Sydney FC,1,2,Sydney FC
2017,34,9,29-12-2017 22:00,Dorrien Gardens,Perth Glory,Brisbane Roar,0,2,Brisbane Roar
2017,35,9,01-01-2018 17:20,ANZ Stadium,Western Sydney Wanderers,Melbourne City,0,1,Melbourne City
2017,36,10,03-01-2018 17:20,Allianz Stadium,Sydney FC,Newcastle Jets,2,2,Draw
2017,37,10,05-01-2018 17:20,Suncorp Stadium,Brisbane Roar,Melbourne Victory,2,1,Brisbane Roar
2017,39,10,07-01-2018 16:30,Melbourne City Football Academy,Melbourne City,Perth Glory,3,0,Melbourne City
2017,38,10,07-01-2018 18:30,McKellar Park,Canberra United,Adelaide United,6,1,Canberra United
2017,40,11,12-01-2018 17:20,McDonald Jones Stadium,Newcastle Jets,Adelaide United,1,2,Adelaide United
2017,41,11,14-01-2018 16:30,Epping Stadium,Melbourne Victory,Melbourne City,2,1,Melbourne Victory
2017,42,11,14-01-2018 16:30,McKellar Park,Canberra United,Western Sydney Wanderers,2,0,Canberra United
2017,43,11,14-01-2018 22:00,Dorrien Gardens,Perth Glory,Sydney FC,0,2,Sydney FC
2017,44,12,19-01-2018 17:20,ANZ Stadium,Western Sydney Wanderers,Melbourne Victory,1,1,Draw
2017,45,12,20-01-2018 19:30,Hay Park,Perth Glory,Canberra United,4,4,Draw
2017,46,12,21-01-2018 16:30,AAMI Park,Melbourne City,Brisbane Roar,0,0,Draw
2017,47,13,26-01-2018 17:20,AAMI Park,Melbourne Victory,Sydney FC,1,2,Sydney FC
2017,48,13,28-01-2018 16:30,McKellar Park,Canberra United,Newcastle Jets,1,5,Newcastle Jets
2017,49,13,28-01-2018 18:30,Marden Sports Complex,Adelaide United,Brisbane Roar,2,4,Brisbane Roar
2017,50,13,28-01-2018 23:15,nib Stadium,Perth Glory,Western Sydney Wanderers,3,4,Western Sydney Wanderers
2017,51,14,02-02-2018 20:00,Marden Sports Complex,Adelaide United,Melbourne Victory,2,1,Adelaide United
2017,52,14,03-02-2018 20:15,McDonald Jones Stadium,Newcastle Jets,Melbourne City,0,3,Melbourne City
2017,53,14,04-02-2018 16:00,Seymour Shaw Park,Sydney FC,Western Sydney Wanderers,4,1,Sydney FC
2017,54,14,04-02-2018 16:30,Suncorp Stadium,Brisbane Roar,Canberra United,4,1,Brisbane Roar
2018,1,1,25-10-2018 19:30,Marconi Stadium,Western Sydney Wanderers,Sydney FC,0,3,Sydney FC
2018,2,1,28-10-2018 14:30,Suncorp Stadium,Brisbane Roar,Perth Glory,1,1,Draw
2018,3,1,28-10-2018 16:00,McKellar Park,Canberra United,Melbourne City,2,0,Canberra United
2018,4,1,28-10-2018 16:15,AAMI Park,Melbourne Victory,Adelaide United,0,0,Draw
2018,5,2,01-11-2018 19:30,Lakeside Stadium,Melbourne Victory,Newcastle Jets,2,1,Melbourne Victory
2018,6,2,02-11-2018 17:20,AAMI Park,Melbourne City,Sydney FC,3,1,Melbourne City
2018,7,2,04-11-2018 15:30,Marconi Stadium,Western Sydney Wanderers,Brisbane Roar,0,1,Brisbane Roar
2018,8,2,04-11-2018 16:00,McKellar Park,Canberra United,Perth Glory,4,4,Draw
2018,9,3,16-11-2018 19:30,AAMI Park,Melbourne City,Melbourne Victory,0,2,Melbourne Victory
2018,10,3,17-11-2018 19:30,McDonald Jones Stadium,Newcastle Jets,Canberra United,1,0,Newcastle Jets
2018,11,3,17-11-2018 22:00,Dorrien Gardens,Perth Glory,Western Sydney Wanderers,3,0,Perth Glory
2018,12,3,18-11-2018 16:00,Lions Stadium,Brisbane Roar,Adelaide United,0,1,Adelaide United
2018,13,4,22-11-2018 19:30,Coopers Stadium,Adelaide United,Canberra United,2,0,Adelaide United
2018,14,4,24-11-2018 19:30,Marconi Stadium,Western Sydney Wanderers,Newcastle Jets,0,1,Newcastle Jets
2018,15,4,25-11-2018 14:30,Jubilee Stadium,Sydney FC,Melbourne Victory,2,3,Melbourne Victory
2018,16,4,25-11-2018 21:45,HBF Park,Perth Glory,Melbourne City,5,2,Perth Glory
2018,17,5,29-11-2018 19:30,McDonald Jones Stadium,Newcastle Jets,Brisbane Roar,0,1,Brisbane Roar
2018,18,5,01-12-2018 19:30,C.B. Smith Reserve,Melbourne City,Adelaide United,1,1,Draw
2018,19,5,02-12-2018 16:00,Latrobe City Stadium,Melbourne Victory,Western Sydney Wanderers,2,1,Melbourne Victory
2018,20,5,02-12-2018 16:00,McKellar Park,Canberra United,Sydney FC,2,0,Canberra United
2018,21,6,06-12-2018 19:30,Marden Sports Complex,Adelaide United,Perth Glory,2,2,Draw
2018,22,6,07-12-2018 17:20,Spotless Stadium,Western Sydney Wanderers,Canberra United,2,2,Draw
2018,23,6,09-12-2018 14:30,McDonald Jones Stadium,Newcastle Jets,Melbourne City,1,3,Melbourne City
2018,24,6,09-12-2018 16:00,Seymour Shaw,Sydney FC,Brisbane Roar,5,1,Sydney FC
2018,25,7,13-12-2018 19:30,Cromer Park,Sydney FC,Adelaide United,5,2,Sydney FC
2018,26,7,15-12-2018 22:00,Dorrien Gardens,Perth Glory,Newcastle Jets,2,2,Draw
2018,27,7,16-12-2018 16:00,Lions Stadium,Brisbane Roar,Melbourne Victory,4,3,Brisbane Roar
2018,28,8,20-12-2018 19:30,"Dolphin Stadium, Redcliffe",Brisbane Roar,Western Sydney Wanderers,3,1,Brisbane Roar
2018,29,8,21-12-2018 18:30,HBF Park,Perth Glory,Sydney FC,2,1,Perth Glory
2018,30,8,21-12-2018 19:30,Marden Sports Complex,Adelaide United,Melbourne Victory,3,2,Adelaide United
2018,31,8,22-12-2018 17:00,AAMI Park,Melbourne City,Canberra United,3,0,Melbourne City
2018,32,9,27-12-2018 19:30,McKellar Park,Canberra United,Brisbane Roar,1,1,Draw
2018,33,9,28-12-2018 17:20,AAMI Park,Melbourne Victory,Perth Glory,2,1,Melbourne Victory
2018,34,9,31-12-2018 09:30,McDonald Jones Stadium,Newcastle Jets,Adelaide United,2,3,Adelaide United
2018,35,9,01-01-2019 17:20,ANZ Stadium,Western Sydney Wanderers,Melbourne City,1,2,Melbourne City
2018,36,10,03-01-2019 20:30,Dorrien Gardens,Perth Glory,Canberra United,1,0,Perth Glory
2018,37,10,04-01-2019 17:20,Jubilee Stadium,Sydney FC,Newcastle Jets,3,1,Sydney FC
2018,38,10,05-01-2019 16:00,Epping Stadium,Melbourne Victory,Melbourne City,1,0,Melbourne Victory
2018,39,11,10-01-2019 19:30,Leichhardt Oval,Sydney FC,Western Sydney Wanderers,3,0,Sydney FC
2018,40,11,11-01-2019 17:20,AAMI Park,Melbourne City,Brisbane Roar,0,1,Brisbane Roar
2018,41,11,12-01-2019 17:45,No.2 Sportsground,Newcastle Jets,Perth Glory,3,1,Newcastle Jets
2018,42,11,13-01-2019 16:00,McKellar Park,Canberra United,Adelaide United,1,0,Canberra United
2018,44,12,19-01-2019 16:30,Marden Sports Complex,Adelaide United,Western Sydney Wanderers,1,4,Western Sydney Wanderers
2018,45,12,19-01-2019 18:00,Lions Stadium,Brisbane Roar,Sydney FC,1,3,Sydney FC
2018,46,12,20-01-2019 19:30,C.B. Smith Reserve,Melbourne City,Newcastle Jets,4,0,Melbourne City
2018,47,13,24-01-2019 19:30,Marconi Stadium,Western Sydney Wanderers,Perth Glory,1,5,Perth Glory
2018,48,13,25-01-2019 17:20,Suncorp Stadium,Brisbane Roar,Canberra United,4,1,Brisbane Roar
2018,49,13,25-01-2019 19:30,Marden Sports Complex,Adelaide United,Newcastle Jets,1,2,Newcastle Jets
2018,50,13,27-01-2019 16:00,Lakeside Stadium,Melbourne Victory,Sydney FC,2,2,Draw
2018,51,14,31-01-2019 19:30,WIN Stadium,Sydney FC,Melbourne City,0,2,Melbourne City
2018,52,14,01-02-2019 19:30,Marden Sports Complex,Adelaide United,Brisbane Roar,1,0,Adelaide United
2018,53,14,01-02-2019 22:00,Dorrien Gardens,Perth Glory,Melbourne Victory,1,2,Melbourne Victory
2018,54,14,02-02-2019 19:30,No.2 Sportsground,Newcastle Jets,Western Sydney Wanderers,4,1,Newcastle Jets
2018,43,14,05-02-2019 18:00,Seiffert Oval,Canberra United,Melbourne Victory,0,0,Draw
2018,55,Semi Finals,10-02-2019 14:00,AAMI Park,Melbourne Victory,Perth Glory,2,4,Perth Glory
2018,56,Semi Finals,10-02-2019 19:15,"Dolphin Stadium, Redcliffe",Brisbane Roar,Sydney FC,1,2,Sydney FC
2018,57,Grand Final,16-02-2019 16:30,Jubilee Stadium,Sydney FC,Perth Glory,4,2,Sydney FC
2019,1,1,14-11-2019 19:30,Marconi Stadium,Western Sydney Wanderers FC,Adelaide United,2,1,Western Sydney Wanderers FC
2019,2,1,17-11-2019 16:00,Netstrata Jubilee Stadium,Sydney FC,Melbourne Victory,3,0,Sydney FC
2019,3,1,17-11-2019 16:00,McKellar Park,Canberra United,Perth Glory,2,0,Canberra United
2019,4,1,17-11-2019 18:00,No.2 Sportsground,Newcastle Jets,Melbourne City FC,1,1,Draw
2019,5,2,21-11-2019 19:30,Dolphin Stadium,Brisbane Roar FC,Melbourne Victory,2,3,Melbourne Victory
2019,6,2,22-11-2019 17:00,Bankwest Stadium,Western Sydney Wanderers FC,Newcastle Jets,1,0,Western Sydney Wanderers FC
2019,7,2,22-11-2019 19:30,Marden Sports Complex,Adelaide United,Sydney FC,0,1,Sydney FC
2019,8,2,24-11-2019 16:00,McKellar Park,Canberra United,Melbourne City FC,1,2,Melbourne City FC
2019,9,3,28-11-2019 19:30,Lions FC Stadium,Brisbane Roar FC,Western Sydney Wanderers FC,1,3,Western Sydney Wanderers FC
2019,10,3,30-11-2019 16:50,McDonald Jones Stadium,Newcastle Jets,Canberra United,2,3,Canberra United
2019,11,3,30-11-2019 19:00,John McEwan Reserve,Melbourne City FC,Adelaide United,1,0,Melbourne City FC
2019,12,3,01-12-2019 16:00,Dorrien Gardens,Perth Glory,Sydney FC,1,3,Sydney FC
2019,13,4,05-12-2019 19:30,McKellar Park,Canberra United,Brisbane Roar FC,1,2,Brisbane Roar FC
2019,14,4,07-12-2019 16:00,Latrobe City Stadium,Melbourne Victory,Western Sydney Wanderers FC,1,1,Draw
2019,15,4,07-12-2019 22:15,Dorrien Gardens,Perth Glory,Newcastle Jets,1,2,Newcastle Jets
2019,16,4,08-12-2019 16:00,Cromer Park,Sydney FC,Melbourne City FC,1,2,Melbourne City FC
2019,17,5,12-12-2019 19:30,ABD Stadium,Melbourne City FC,Melbourne Victory,1,0,Melbourne City FC
2019,18,5,13-12-2019 22:15,Dorrien Gardens,Perth Glory,Canberra United,1,1,Draw
2019,19,5,14-12-2019 17:30,Lions FC Stadium,Brisbane Roar FC,Adelaide United,3,2,Brisbane Roar FC
2019,20,5,15-12-2019 16:00,McDonald Jones Stadium,Newcastle Jets,Sydney FC,0,2,Sydney FC
2019,21,6,19-12-2019 19:30,ABD Stadium,Melbourne City FC,Perth Glory,1,0,Melbourne City FC
2019,22,6,20-12-2019 17:00,Bankwest Stadium,Western Sydney Wanderers FC,Sydney FC,5,0,Western Sydney Wanderers FC
2019,23,6,21-12-2019 10:30,Epping Stadium,Melbourne Victory,Brisbane Roar FC,0,0,Draw
2019,24,6,22-12-2019 16:00,Marden Sports Complex,Adelaide United,Canberra United,1,2,Canberra United
2019,25,7,26-12-2019 19:30,McKellar Park,Canberra United,Western Sydney Wanderers FC,0,4,Western Sydney Wanderers FC
2019,26,7,28-12-2019 22:15,Dorrien Gardens,Perth Glory,Melbourne Victory,1,2,Melbourne Victory
2019,27,7,29-12-2019 16:00,Netstrata Jubilee Stadium,Sydney FC,Adelaide United,2,0,Sydney FC
2019,28,7,29-12-2019 17:00,Lions FC Stadium,Brisbane Roar FC,Newcastle Jets,2,1,Brisbane Roar FC
2019,29,8,02-01-2020 19:30,Dolphin Stadium,Brisbane Roar FC,Melbourne City FC,0,2,Melbourne City FC
2019,30,8,03-01-2020 21:00,Marden Sports Complex,Adelaide United,Perth Glory,2,2,Draw
2019,31,8,05-01-2020 16:00,AAMI Park,Melbourne Victory,Newcastle Jets,2,1,Melbourne Victory
2019,33,9,09-01-2020 19:30,ABD Stadium,Melbourne City FC,Canberra United,4,0,Melbourne City FC
2019,35,9,12-01-2020 16:00,Marconi Stadium,Western Sydney Wanderers FC,Brisbane Roar FC,0,4,Brisbane Roar FC
2019,32,9,13-01-2020 18:00,McKellar Park,Canberra United,Sydney FC,0,4,Sydney FC
2019,36,10,16-01-2020 19:30,Leichhardt Oval,Sydney FC,Brisbane Roar FC,0,0,Draw
2019,39,10,18-01-2020 17:00,AAMI Park,Melbourne City FC,Newcastle Jets,2,0,Melbourne City FC
2019,37,10,18-01-2020 19:30,Marden Sports Complex,Adelaide United,Melbourne Victory,0,3,Melbourne Victory
2019,38,10,19-01-2020 16:00,Bankwest Stadium,Western Sydney Wanderers FC,Perth Glory,3,1,Western Sydney Wanderers FC
2019,40,11,23-01-2020 19:30,McDonald Jones Stadium,Newcastle Jets,Perth Glory,2,4,Perth Glory
2019,41,11,25-01-2020 19:30,Marden Sports Complex,Adelaide United,Western Sydney Wanderers FC,3,2,Adelaide United
2019,42,11,26-01-2020 16:00,Lakeside Stadium,Melbourne Victory,Canberra United,3,0,Melbourne Victory
2019,34,11,01-02-2020 19:50,McDonald Jones Stadium,Newcastle Jets,Adelaide United,2,0,Newcastle Jets
2019,44,12,15-02-2020 17:00,Cromer Park,Sydney FC,Western Sydney Wanderers FC,3,0,Sydney FC
2019,45,12,16-02-2020 15:30,Dorrien Gardens,Perth Glory,Brisbane Roar FC,4,2,Perth Glory
2019,43,12,16-02-2020 16:00,Lakeside Stadium,Melbourne Victory,Melbourne City FC,0,4,Melbourne City FC
2019,46,12,16-02-2020 16:00,McKellar Park,Canberra United,Adelaide United,3,1,Canberra United
2019,47,13,20-02-2020 19:30,Marconi Stadium,Western Sydney Wanderers FC,Melbourne City FC,0,4,Melbourne City FC
2019,50,13,22-02-2020 16:00,WIN Stadium,Sydney FC,Perth Glory,1,2,Perth Glory
2019,49,13,23-02-2020 16:00,No.2 Sportsground,Newcastle Jets,Melbourne Victory,0,7,Melbourne Victory
2019,48,13,23-02-2020 17:30,Lions FC Stadium,Brisbane Roar FC,Canberra United,5,0,Brisbane Roar FC
2019,51,14,27-02-2020 19:30,Marden Sports Complex,Adelaide United,Newcastle Jets,2,1,Adelaide United
2019,52,14,29-02-2020 17:00,Marvel Stadium,Melbourne Victory,Sydney FC,3,1,Melbourne Victory
2019,53,14,29-02-2020 22:15,WML Stadium,Perth Glory,Western Sydney Wanderers FC,2,3,Western Sydney Wanderers FC
2019,54,14,01-03-2020 16:00,AAMI Park,Melbourne City FC,Brisbane Roar FC,3,1,Melbourne City FC
2019,55,Semi Finals,14-03-2020 14:00,Epping Stadium,Melbourne Victory,Sydney FC,0,1,Sydney FC
2019,56,Semi Finals,15-03-2020 13:30,ABD Stadium,Melbourne City FC,Western Sydney Wanderers FC,5,1,Melbourne City FC
2019,57,Grand Final,21-03-2020 15:30,AAMI Park,Melbourne City FC,Sydney FC,1,0,Melbourne City FC
2020,43,1,29-12-2020 16:35,"Dolphin Stadium, Redcliffe",Brisbane Roar FC,Melbourne City FC,0,0,Draw
2020,40,1,30-12-2020 16:35,Bankwest Stadium,Western Sydney Wanderers FC,Sydney FC,0,3,Sydney FC
2020,23,1,30-12-2020 18:35,Viking Park,Canberra United,Adelaide United,4,3,Canberra United
2020,20,2,02-01-2021 19:05,Wanderers Centre of Football,Western Sydney Wanderers FC,Newcastle Jets,2,1,Western Sydney Wanderers FC
2020,11,2,03-01-2021 16:05,Viking Park,Canberra United,Melbourne City FC,2,1,Canberra United
2020,18,2,03-01-2021 18:05,CB Smith Reserve,Melbourne Victory,Brisbane Roar FC,0,0,Draw
2020,51,3,07-01-2021 19:05,"Dolphin Stadium, Redcliffe",Brisbane Roar FC,Canberra United,1,1,Draw
2020,32,3,08-01-2021 16:35,McDonald Jones Stadium,Newcastle Jets,Sydney FC,1,2,Sydney FC
2020,55,3,09-01-2021 19:05,Marden Sports Complex,Adelaide United,Perth Glory,1,0,Adelaide United
2020,21,3,10-01-2021 16:05,CB Smith Reserve,Melbourne City FC,Melbourne Victory,0,6,Melbourne Victory
2020,42,4,14-01-2021 20:05,Dorrien Gardens,Perth Glory,Adelaide United,1,2,Adelaide United
2020,14,4,16-01-2021 19:40,Stadium Australia,Sydney FC,Western Sydney Wanderers FC,2,0,Sydney FC
2020,38,4,17-01-2021 16:05,Epping Stadium,Melbourne Victory,Melbourne City FC,2,3,Melbourne City FC
2020,2,4,17-01-2021 18:40,McDonald Jones Stadium,Newcastle Jets,Brisbane Roar FC,1,1,Draw
2020,52,5,21-01-2021 19:05,Marden Sports Complex,Adelaide United,Melbourne City FC,2,1,Adelaide United
2020,56,5,22-01-2021 21:05,Gold Coast Sports Centre,Brisbane Roar FC,Melbourne Victory,6,0,Brisbane Roar FC
2020,41,5,23-01-2021 16:05,No.2 Sportsground,Newcastle Jets,Western Sydney Wanderers FC,4,1,Newcastle Jets
2020,39,5,24-01-2021 16:05,Viking Park,Canberra United,Perth Glory,1,1,Draw
2020,10,6,29-01-2021 19:05,Marden Sports Complex,Adelaide United,Melbourne Victory,0,1,Melbourne Victory
2020,50,6,30-01-2021 17:05,Viking Park,Canberra United,Western Sydney Wanderers FC,3,0,Canberra United
2020,57,6,31-01-2021 16:05,AAMI Park,Melbourne City FC,Brisbane Roar FC,2,3,Brisbane Roar FC
2020,58,6,31-01-2021 18:05,Cromer Park,Sydney FC,Newcastle Jets,2,0,Sydney FC
2020,64,7,04-02-2021 19:05,AAMI Park,Melbourne City FC,Sydney FC,0,2,Sydney FC
2020,29,7,07-02-2021 16:05,Marconi Stadium,Western Sydney Wanderers FC,Adelaide United,2,2,Draw
2020,65,7,07-02-2021 18:05,Latrobe City Stadium,Melbourne Victory,Newcastle Jets,4,2,Melbourne Victory
2020,60,7,08-02-2021 16:35,Netstrata Jubilee Stadium,Sydney FC,Canberra United,4,0,Sydney FC
2020,61,8,11-02-2021 19:05,Marconi Stadium,Western Sydney Wanderers FC,Brisbane Roar FC,1,2,Brisbane Roar FC
2020,33,8,14-02-2021 16:05,Leichhardt Oval,Sydney FC,Brisbane Roar FC,1,4,Brisbane Roar FC
2020,62,8,14-02-2021 18:05,Marden Sports Complex,Adelaide United,Canberra United,2,1,Adelaide United
2020,66,9,18-02-2021 19:10,Marconi Stadium,Western Sydney Wanderers FC,Perth Glory,1,0,Western Sydney Wanderers FC
2020,63,9,20-02-2021 16:05,No.2 Sportsground,Newcastle Jets,Melbourne Victory,0,2,Melbourne Victory
2020,45,9,21-02-2021 16:05,Cromer Park,Sydney FC,Adelaide United,2,1,Sydney FC
2020,8,9,21-02-2021 18:05,Lions FC Stadium,Brisbane Roar FC,Perth Glory,4,0,Brisbane Roar FC
2020,67,10,25-02-2021 19:05,Wanderers Centre of Football,Western Sydney Wanderers FC,Melbourne City FC,1,0,Western Sydney Wanderers FC
2020,68,10,25-02-2021 21:35,Dorrien Gardens,Perth Glory,Sydney FC,2,6,Sydney FC
2020,69,10,26-02-2021 18:05,No.2 Sportsground,Newcastle Jets,Adelaide United,1,2,Adelaide United
2020,70,10,28-02-2021 16:05,Epping Stadium,Melbourne Victory,Canberra United,1,1,Draw
2020,71,11,04-03-2021 19:05,AAMI Park,Melbourne Victory,Western Sydney Wanderers FC,1,0,Melbourne Victory
2020,72,11,06-03-2021 19:05,Marden Sports Complex,Adelaide United,Sydney FC,2,0,Adelaide United
2020,73,11,07-03-2021 16:05,Viking Park,Canberra United,Brisbane Roar FC,4,1,Canberra United
2020,74,11,08-03-2021 21:35,Dorrien Gardens,Perth Glory,Newcastle Jets,0,4,Newcastle Jets
2020,75,12,11-03-2021 19:05,Frank Holohan Reserve,Melbourne City FC,Western Sydney Wanderers FC,0,4,Western Sydney Wanderers FC
2020,3,12,12-03-2021 18:05,Viking Park,Perth Glory,Canberra United,2,3,Canberra United
2020,76,12,12-03-2021 21:05,Lions FC Stadium,Brisbane Roar FC,Adelaide United,4,2,Brisbane Roar FC
2020,44,12,14-03-2021 16:05,Frank Holohan Reserve,Melbourne City FC,Newcastle Jets,1,0,Melbourne City FC
2020,35,12,16-03-2021 21:35,Dorrien Gardens,Perth Glory,Melbourne Victory,0,1,Melbourne Victory
2020,77,13,19-03-2021 21:35,Dorrien Gardens,Perth Glory,Melbourne City FC,0,1,Melbourne City FC
2020,79,13,20-03-2021 18:35,No.2 Sportsground,Newcastle Jets,Canberra United,0,1,Canberra United
2020,80,13,21-03-2021 16:05,Coopers Stadium,Adelaide United,Western Sydney Wanderers FC,3,1,Adelaide United
2020,59,14,25-03-2021 19:05,Frank Holohan Reserve,Melbourne City FC,Perth Glory,2,1,Melbourne City FC
2020,81,14,26-03-2021 17:35,Viking Park,Canberra United,Sydney FC,0,0,Draw
2020,13,14,28-03-2021 16:05,Epping Stadium,Melbourne Victory,Perth Glory,6,0,Melbourne Victory
2020,82,14,28-03-2021 18:05,Lions FC Stadium,Brisbane Roar FC,Newcastle Jets,3,0,Brisbane Roar FC
2020,78,14,31-03-2021 19:35,Cromer Park,Sydney FC,Melbourne Victory,2,1,Sydney FC
2020,83,Semi Finals,04-04-2021 16:00,Lions FC Stadium,Brisbane Roar FC,Melbourne Victory,2,6,Melbourne Victory
2020,84,Semi Finals,05-04-2021 15:00,Netstrata Jubilee Stadium,Sydney FC,Canberra United,3,0,Sydney FC
2020,85,Grand Final,11-04-2021 16:05,Netstrata Jubilee Stadium,Sydney FC,Melbourne Victory,0,1,Melbourne Victory
2021,1,1,03-12-2021 17:05,WIN Stadium,Wellington Phoenix,Western Sydney Wanderers FC,0,0,Draw
2021,2,1,03-12-2021 19:45,Viking Park,Canberra United,Melbourne City FC,0,1,Melbourne City FC
2021,3,1,04-12-2021 17:05,Netstrata Jubilee Stadium,Sydney FC,Newcastle Jets,3,1,Sydney FC
2021,4,1,04-12-2021 22:05,Macedonia Park,Perth Glory,Brisbane Roar FC,2,1,Perth Glory
2021,5,1,05-12-2021 16:05,AAMI Park,Melbourne Victory,Adelaide United,5,1,Melbourne Victory
2021,6,2,10-12-2021 17:05,McDonald Jones Stadium,Newcastle Jets,Wellington Phoenix,5,1,Newcastle Jets
2021,7,2,10-12-2021 19:45,Perry Park,Brisbane Roar FC,Perth Glory,0,1,Perth Glory
2021,8,2,11-12-2021 17:05,CommBank Stadium,Western Sydney Wanderers FC,Sydney FC,0,2,Sydney FC
2021,9,2,12-12-2021 16:05,AAMI Park,Melbourne City FC,Melbourne Victory,1,2,Melbourne Victory
2021,10,2,12-12-2021 18:30,Marden Sports Complex,Adelaide United,Canberra United,2,1,Adelaide United
2021,11,3,17-12-2021 17:05,Blacktown Football Park 1,Western Sydney Wanderers FC,Newcastle Jets,1,1,Draw
2021,12,3,18-12-2021 17:05,Moreton Daily Stadium,Brisbane Roar FC,Melbourne Victory,2,3,Melbourne Victory
2021,13,3,18-12-2021 17:05,AAMI Park,Melbourne City FC,Adelaide United,3,1,Melbourne City FC
2021,15,3,19-12-2021 16:05,Netstrata Jubilee Stadium,Sydney FC,Wellington Phoenix,3,0,Sydney FC
2021,17,4,23-12-2021 17:05,Viking Park,Canberra United,Brisbane Roar FC,3,3,Draw
2021,18,4,26-12-2021 17:05,AAMI Park,Melbourne Victory,Melbourne City FC,1,5,Melbourne City FC
2021,19,4,27-12-2021 16:05,Leichhardt Oval,Sydney FC,Western Sydney Wanderers FC,0,0,Draw
2021,20,4,27-12-2021 18:45,Central Coast Stadium,Wellington Phoenix,Newcastle Jets,0,1,Newcastle Jets
2021,21,5,30-12-2021 17:05,WIN Stadium,Wellington Phoenix,Sydney FC,0,5,Sydney FC
2021,16,5,01-01-2022 17:05,Coopers Stadium,Adelaide United,Perth Glory,4,2,Adelaide United
2021,23,5,02-01-2022 16:05,AAMI Park,Melbourne Victory,Brisbane Roar FC,2,4,Brisbane Roar FC
2021,14,5,05-01-2022 17:05,Blacktown Football Park 1,Perth Glory,Canberra United,0,0,Draw
2021,27,6,08-01-2022 17:05,Viking Park,Canberra United,Adelaide United,1,3,Adelaide United
2021,28,6,08-01-2022 17:05,Netstrata Jubilee Stadium,Sydney FC,Perth Glory,4,0,Sydney FC
2021,29,6,09-01-2022 16:05,Moreton Daily Stadium,Brisbane Roar FC,Western Sydney Wanderers FC,0,1,Western Sydney Wanderers FC
2021,30,6,09-01-2022 16:05,AAMI Park,Melbourne City FC,Wellington Phoenix,4,0,Melbourne City FC
2021,31,7,15-01-2022 17:05,Coopers Stadium,Adelaide United,Melbourne City FC,0,1,Melbourne City FC
2021,32,7,15-01-2022 17:05,Netstrata Jubilee Stadium,Sydney FC,Canberra United,6,0,Sydney FC
2021,33,7,16-01-2022 14:05,WIN Stadium,Wellington Phoenix,Brisbane Roar FC,2,3,Brisbane Roar FC
2021,34,7,16-01-2022 16:05,CommBank Stadium,Western Sydney Wanderers FC,Melbourne Victory,0,1,Melbourne Victory
2021,35,7,16-01-2022 18:45,No.2 Sportsground,Newcastle Jets,Perth Glory,1,1,Draw
2021,36,8,21-01-2022 18:35,Coopers Stadium,Adelaide United,Wellington Phoenix,1,0,Adelaide United
2021,60,8,22-01-2022 17:05,Netstrata Jubilee Stadium,Sydney FC,Melbourne City FC,3,0,Sydney FC
2021,39,8,23-01-2022 18:45,Central Coast Stadium,Perth Glory,Western Sydney Wanderers FC,1,0,Perth Glory
2021,42,9,28-01-2022 19:45,Marconi Stadium,Western Sydney Wanderers FC,Adelaide United,0,3,Adelaide United
2021,43,9,29-01-2022 16:50,Moreton Daily Stadium,Brisbane Roar FC,Melbourne City FC,1,2,Melbourne City FC
2021,45,9,30-01-2022 16:05,McDonald Jones Stadium,Newcastle Jets,Canberra United,3,3,Draw
2021,44,9,31-01-2022 18:35,Blacktown Football Park 1,Perth Glory,Wellington Phoenix,3,2,Perth Glory
2021,46,10,02-02-2022 19:35,Leichhardt Oval,Sydney FC,Brisbane Roar FC,1,0,Sydney FC
2021,50,10,04-02-2022 17:05,Coopers Stadium,Adelaide United,Newcastle Jets,3,0,Adelaide United
2021,49,10,04-02-2022 18:35,WIN Stadium,Wellington Phoenix,Melbourne Victory,0,2,Melbourne Victory
2021,47,10,05-02-2022 17:05,Viking Park,Canberra United,Perth Glory,3,3,Draw
2021,48,10,06-02-2022 16:05,AAMI Park,Melbourne City FC,Western Sydney Wanderers FC,2,1,Melbourne City FC
2021,26,10,08-02-2022 17:25,McDonald Jones Stadium,Newcastle Jets,Melbourne Victory,0,1,Melbourne Victory
2021,25,10,10-02-2022 17:05,Central Coast Stadium,Perth Glory,Adelaide United,1,0,Perth Glory
2021,51,11,11-02-2022 19:45,Viking Park,Canberra United,Wellington Phoenix,0,3,Wellington Phoenix
2021,53,11,12-02-2022 16:50,AAMI Park,Melbourne Victory,Western Sydney Wanderers FC,5,0,Melbourne Victory
2021,52,11,13-02-2022 15:05,Central Coast Stadium,Perth Glory,Melbourne City FC,0,4,Melbourne City FC
2021,54,11,13-02-2022 16:05,Moreton Daily Stadium,Brisbane Roar FC,Adelaide United,2,8,Adelaide United
2021,55,11,13-02-2022 19:45,No.2 Sportsground,Newcastle Jets,Sydney FC,0,1,Sydney FC
2021,22,11,15-02-2022 17:25,Blacktown Football Park 1,Western Sydney Wanderers FC,Canberra United,0,5,Canberra United
2021,41,11,16-02-2022 20:05,City Vista Recreation Reserve Pitch 1,Melbourne Victory,Sydney FC,2,2,Draw
2021,57,12,18-02-2022 16:05,WIN Stadium,Wellington Phoenix,Adelaide United,1,4,Adelaide United
2021,59,12,19-02-2022 16:50,AAMI Park,Melbourne Victory,Perth Glory,0,2,Perth Glory
2021,58,12,19-02-2022 17:05,No.2 Sportsground,Newcastle Jets,Western Sydney Wanderers FC,2,2,Draw
2021,37,12,20-02-2022 16:05,AAMI Park,Melbourne City FC,Sydney FC,2,1,Melbourne City FC
2021,40,12,22-02-2022 17:25,Viking Park,Canberra United,Melbourne Victory,2,2,Draw
2021,61,13,24-02-2022 19:45,Kingston Heath Soccer Complex,Melbourne City FC,Brisbane Roar FC,0,1,Brisbane Roar FC
2021,62,13,26-02-2022 17:05,Coopers Stadium,Adelaide United,Melbourne Victory,3,0,Adelaide United
2021,64,13,27-02-2022 16:05,Viking Park,Canberra United,Newcastle Jets,3,0,Canberra United
2021,65,13,27-02-2022 16:05,University of Tasmania Stadium,Perth Glory,Sydney FC,1,3,Sydney FC
2021,63,13,01-03-2022 18:35,Blacktown Football Park 1,Western Sydney Wanderers FC,Wellington Phoenix,2,3,Wellington Phoenix
2021,24,13,01-03-2022 19:05,ABD Stadium,Melbourne City FC,Newcastle Jets,2,0,Melbourne City FC
2021,66,14,04-03-2022 17:05,AAMI Park,Melbourne Victory,Canberra United,0,0,Draw
2021,69,14,04-03-2022 17:05,WIN Stadium,Wellington Phoenix,Perth Glory,1,3,Perth Glory
2021,67,14,04-03-2022 19:45,No.2 Sportsground,Newcastle Jets,Brisbane Roar FC,1,5,Brisbane Roar FC
2021,68,14,06-03-2022 12:05,Wanderers Centre of Football,Western Sydney Wanderers FC,Melbourne City FC,0,2,Melbourne City FC
2021,70,14,06-03-2022 16:05,Coopers Stadium,Adelaide United,Sydney FC,0,1,Sydney FC
2021,38,14,07-03-2022 17:15,James Drysdale Reserve 1,Brisbane Roar FC,Newcastle Jets,4,0,Brisbane Roar FC
2021,56,14,10-03-2022 17:15,James Drysdale Reserve 1,Brisbane Roar FC,Canberra United,3,3,Draw
2021,71,Semi Finals,11-03-2022 19:05,Netstrata Jubilee Stadium,Sydney FC,Melbourne City FC,4,2,Sydney FC
2021,72,Semi Finals,13-03-2022 16:05,Coopers Stadium,Adelaide United,Melbourne Victory,1,2,Melbourne Victory
2021,73,Preliminary Final,20-03-2022 16:05,AAMI Park,Melbourne City FC,Melbourne Victory,1,3,Melbourne Victory
2021,74,Grand Final,27-03-2022 16:05,Netstrata Jubilee Stadium,Sydney FC,Melbourne Victory,1,2,Melbourne Victory
2022,1,1,19-11-2022 15:00,McKellar Park,Canberra United,Perth Glory,2,2,Draw
2022,2,1,19-11-2022 15:00,Perry Park,Brisbane Roar,Newcastle Jets,2,1,Brisbane Roar
2022,3,1,19-11-2022 15:00,City Vista Recreation Reserve Pitch 1,Western United,Melbourne Victory,1,0,Western United
2022,4,1,20-11-2022 13:00,Sky Stadium,Wellington Phoenix,Melbourne City,1,4,Melbourne City
2022,5,1,20-11-2022 16:00,ServiceFM Stadium,Adelaide United,Sydney,1,0,Adelaide United
2022,6,2,26-11-2022 13:00,Sky Stadium,Wellington Phoenix,Western United,1,4,Western United
2022,7,2,26-11-2022 15:00,Cromer Park,Sydney,Melbourne Victory,2,0,Sydney
2022,8,2,26-11-2022 15:00,Perry Park,Brisbane Roar,Canberra United,1,1,Draw
2022,9,2,26-11-2022 15:00,Scully Park,Newcastle Jets,Western Sydney Wanderers,4,2,Newcastle Jets
2022,10,2,27-11-2022 19:00,Macedonia Park,Perth Glory,Adelaide United,0,1,Adelaide United
2022,11,3,03-12-2022 15:00,No.2 Sportsground,Newcastle Jets,Perth Glory,2,2,Draw
2022,12,3,03-12-2022 15:00,Marconi Stadium,Western Sydney Wanderers,Sydney,0,1,Sydney
2022,13,3,03-12-2022 15:00,Casey Fields,Melbourne City,Brisbane Roar,3,0,Melbourne City
2022,14,3,04-12-2022 16:00,Epping Stadium,Melbourne Victory,Wellington Phoenix,1,0,Melbourne Victory
2022,15,3,04-12-2022 16:00,ServiceFM Stadium,Adelaide United,Western United,1,2,Western United
2022,16,4,10-12-2022 15:00,McKellar Park,Canberra United,Wellington Phoenix,3,0,Canberra United
2022,17,4,10-12-2022 15:00,Casey Fields,Melbourne City,Newcastle Jets,5,1,Melbourne City
2022,18,4,10-12-2022 17:05,Allianz Stadium,Sydney,Brisbane Roar,4,0,Sydney
2022,19,4,11-12-2022 16:00,Wanderers Football Park,Western Sydney Wanderers,Adelaide United,0,1,Adelaide United
2022,20,4,11-12-2022 19:00,Macedonia Park,Perth Glory,Melbourne Victory,0,3,Melbourne Victory
2022,22,5,17-12-2022 15:40,Sky Stadium,Wellington Phoenix,Adelaide United,0,1,Adelaide United
2022,21,5,17-12-2022 17:00,A.J. Kelly Park,Brisbane Roar,Western Sydney Wanderers,1,0,Brisbane Roar
2022,23,5,17-12-2022 17:05,AAMI Park,Melbourne City,Western United,1,3,Western United
2022,24,5,18-12-2022 18:15,AAMI Park,Melbourne Victory,Newcastle Jets,5,2,Melbourne Victory
2022,25,5,18-12-2022 19:00,Macedonia Park,Perth Glory,Canberra United,3,2,Perth Glory
2022,26,6,23-12-2022 18:00,No.2 Sportsground,Newcastle Jets,Brisbane Roar,0,2,Brisbane Roar
2022,27,6,23-12-2022 18:00,Seiffert Oval,Canberra United,Melbourne City,0,4,Melbourne City
2022,28,6,24-12-2022 14:20,Allianz Stadium,Sydney,Western Sydney Wanderers,2,0,Sydney
2022,29,7,27-12-2022 20:15,AAMI Park,Melbourne City,Perth Glory,1,0,Melbourne City
2022,32,8,31-12-2022 15:00,CB Smith Reserve,Melbourne Victory,Canberra United,1,0,Melbourne Victory
2022,33,8,31-12-2022 15:00,A.J. Kelly Park,Brisbane Roar,Sydney,1,4,Sydney
2022,34,8,31-12-2022 15:00,No.2 Sportsground,Newcastle Jets,Adelaide United,2,0,Newcastle Jets
2022,35,8,01-01-2023 19:00,Macedonia Park,Perth Glory,Western United,2,3,Western United
2022,36,8,02-01-2023 10:20,Sky Stadium,Wellington Phoenix,Western Sydney Wanderers,1,1,Draw
2022,37,9,06-01-2023 17:05,AAMI Park,Melbourne Victory,Perth Glory,1,1,Draw
2022,38,9,07-01-2023 15:00,City Vista Recreation Reserve Pitch 1,Western United,Wellington Phoenix,1,0,Western United
2022,39,9,07-01-2023 15:00,No.2 Sportsground,Newcastle Jets,Sydney,2,4,Sydney
2022,40,9,07-01-2023 19:30,ServiceFM Stadium,Adelaide United,Canberra United,0,2,Canberra United
2022,41,9,08-01-2023 16:00,Wanderers Football Park,Western Sydney Wanderers,Melbourne City,2,0,Western Sydney Wanderers
2022,42,9,11-01-2023 17:00,City Vista Recreation Reserve Pitch 1,Western United,Sydney,0,2,Sydney
2022,43,9,11-01-2023 19:00,ServiceFM Stadium,Adelaide United,Melbourne City,0,3,Melbourne City
2022,44,10,14-01-2023 15:00,McKellar Park,Canberra United,Newcastle Jets,5,1,Canberra United
2022,45,10,14-01-2023 15:00,Wanderers Football Park,Western Sydney Wanderers,Western United,2,1,Western Sydney Wanderers
2022,47,10,15-01-2023 16:00,A.J. Kelly Park,Brisbane Roar,Adelaide United,1,1,Draw
2022,46,10,15-01-2023 17:00,Casey Fields,Melbourne City,Melbourne Victory,1,1,Draw
2022,48,10,15-01-2023 19:00,Macedonia Park,Perth Glory,Wellington Phoenix,2,0,Perth Glory
2022,49,10,18-01-2023 18:00,Wanderers Football Park,Western Sydney Wanderers,Melbourne Victory,0,0,Draw
2022,50,11,21-01-2023 14:20,North Hobart Oval,Western United,Brisbane Roar,2,0,Western United
2022,52,11,21-01-2023 15:00,Casey Fields,Melbourne City,Western Sydney Wanderers,1,0,Melbourne City
2022,53,11,21-01-2023 16:00,ServiceFM Stadium,Adelaide United,Melbourne Victory,1,2,Melbourne Victory
2022,54,11,22-01-2023 10:15,Sky Stadium,Wellington Phoenix,Canberra United,5,0,Wellington Phoenix
2022,55,12,26-01-2023 16:05,AAMI Park,Melbourne Victory,Sydney,3,6,Sydney
2022,56,12,28-01-2023 15:00,McKellar Park,Canberra United,Western United,0,5,Western United
2022,58,12,28-01-2023 17:30,Wanderers Football Park,Western Sydney Wanderers,Newcastle Jets,1,0,Western Sydney Wanderers
2022,57,12,29-01-2023 16:00,A.J. Kelly Park,Brisbane Roar,Wellington Phoenix,3,3,Draw
2022,59,12,29-01-2023 18:15,AAMI Park,Melbourne City,Adelaide United,1,0,Melbourne City
2022,60,13,04-02-2023 14:20,Allianz Stadium,Sydney,Melbourne City,3,0,Sydney
2022,62,13,04-02-2023 15:00,CB Smith Reserve,Melbourne Victory,Western Sydney Wanderers,3,1,Melbourne Victory
2022,63,13,04-02-2023 15:00,Morshead Park Stadium,Western United,Perth Glory,1,3,Perth Glory
2022,61,13,05-02-2023 16:00,No.2 Sportsground,Newcastle Jets,Canberra United,0,3,Canberra United
2022,64,13,05-02-2023 16:00,ServiceFM Stadium,Adelaide United,Brisbane Roar,0,1,Brisbane Roar
2022,31,13,08-02-2023 17:30,Morshead Park Stadium,Western United,Newcastle Jets,0,2,Newcastle Jets
2022,65,14,11-02-2023 14:20,AAMI Park,Western United,Melbourne City,2,1,Western United
2022,66,14,11-02-2023 15:00,Perry Park,Brisbane Roar,Melbourne Victory,1,1,Draw
2022,67,14,11-02-2023 17:00,McKellar Park,Canberra United,Sydney,2,1,Canberra United
2022,68,14,12-02-2023 15:00,Wanderers Football Park,Western Sydney Wanderers,Wellington Phoenix,1,0,Western Sydney Wanderers
2022,69,14,12-02-2023 19:00,Macedonia Park,Perth Glory,Newcastle Jets,4,0,Perth Glory
2022,71,15,25-02-2023 15:00,McKellar Park,Canberra United,Western Sydney Wanderers,3,0,Canberra United
2022,72,15,25-02-2023 19:00,Macedonia Park,Perth Glory,Brisbane Roar,2,0,Perth Glory
2022,70,15,26-02-2023 11:00,North Harbour Stadium,Wellington Phoenix,Sydney,0,1,Sydney
2022,73,15,26-02-2023 16:00,No.2 Sportsground,Newcastle Jets,Western United,0,6,Western United
2022,74,15,26-02-2023 17:55,AAMI Park,Melbourne Victory,Adelaide United,2,2,Draw
2022,75,16,04-03-2023 15:00,McKellar Park,Canberra United,Adelaide United,4,2,Canberra United
2022,76,16,04-03-2023 15:00,No.2 Sportsground,Newcastle Jets,Melbourne City,0,4,Melbourne City
2022,77,16,04-03-2023 15:40,Sky Stadium,Wellington Phoenix,Brisbane Roar,1,1,Draw
2022,78,16,05-03-2023 16:00,Netstrata Jubilee Stadium,Sydney,Western United,3,0,Sydney
2022,79,16,05-03-2023 19:00,Macedonia Park,Perth Glory,Western Sydney Wanderers,1,1,Draw
2022,80,17,11-03-2023 15:00,Netstrata Jubilee Stadium,Sydney,Wellington Phoenix,0,1,Wellington Phoenix
2022,81,17,11-03-2023 15:00,ServiceFM Stadium,Adelaide United,Perth Glory,2,1,Adelaide United
2022,82,17,11-03-2023 15:00,Perry Park,Brisbane Roar,Western United,2,0,Brisbane Roar
2022,83,17,12-03-2023 16:00,Wanderers Football Park,Western Sydney Wanderers,Canberra United,1,1,Draw
2022,84,17,13-03-2023 15:20,AAMI Park,Melbourne Victory,Melbourne City,2,0,Melbourne Victory
2022,85,18,17-03-2023 17:05,Coopers Stadium,Adelaide United,Newcastle Jets,2,2,Draw
2022,88,18,18-03-2023 13:00,Kingston Heath Soccer Complex Field 2,Melbourne City,Sydney,1,1,Draw
2022,86,18,18-03-2023 15:00,McKellar Park,Canberra United,Melbourne Victory,1,1,Draw
2022,87,18,18-03-2023 15:00,Sky Stadium,Wellington Phoenix,Perth Glory,0,1,Perth Glory
2022,89,18,19-03-2023 19:00,Wanderers Football Park,Western Sydney Wanderers,Brisbane Roar,3,1,Western Sydney Wanderers
2022,90,19,25-03-2023 15:00,Netstrata Jubilee Stadium,Sydney,Adelaide United,3,0,Sydney
2022,91,19,25-03-2023 15:00,City Vista Recreation Reserve Pitch 1,Western United,Canberra United,0,3,Canberra United
2022,92,19,25-03-2023 15:00,No.2 Sportsground,Newcastle Jets,Wellington Phoenix,3,2,Newcastle Jets
2022,93,19,26-03-2023 16:00,CB Smith Reserve,Melbourne Victory,Brisbane Roar,1,1,Draw
2022,94,19,26-03-2023 18:00,Macedonia Park,Perth Glory,Melbourne City,4,3,Perth Glory
2022,30,19,28-03-2023 19:00,ServiceFM Stadium,Adelaide United,Wellington Phoenix,1,3,Wellington Phoenix
2022,51,19,29-03-2023 19:00,Netstrata Jubilee Stadium,Sydney,Perth Glory,4,2,Sydney
2022,95,20,01-04-2023 10:15,Sky Stadium,Wellington Phoenix,Melbourne Victory,2,2,Draw
2022,96,20,01-04-2023 15:00,Perry Park,Brisbane Roar,Perth Glory,0,1,Perth Glory
2022,97,20,01-04-2023 15:00,City Vista Recreation Reserve Pitch 1,Western United,Western Sydney Wanderers,2,1,Western United
2022,98,20,01-04-2023 17:00,Allianz Stadium,Sydney,Newcastle Jets,4,2,Sydney
2022,99,20,02-04-2023 17:40,AAMI Park,Melbourne City,Canberra United,3,3,Draw
2022,100,Semi Finals,15-04-2023 15:00,Casey Fields,Melbourne City,Melbourne Victory,3,3,Draw
2022,101,Semi Finals,16-04-2023 17:45,Allianz Stadium,Sydney,Western United,0,1,Western United
2022,102,Preliminary Final,22-04-2023 15:00,Allianz Stadium,Sydney,Melbourne Victory,1,0,Sydney
2022,103,Grand Final,30-04-2023 16:00,CommBank Stadium,Western United,Sydney,0,4,Sydney
2023,1,1,14-10-2023 17:00,Industree Group Stadium,Central Coast Mariners,Newcastle Jets,0,1,Newcastle Jets
2023,2,1,14-10-2023 19:45,Allianz Stadium,Sydney,Western Sydney Wanderers,2,0,Sydney
2023,3,1,14-10-2023 22:00,Macedonia Park,Perth Glory,Western United,2,0,Perth Glory
2023,4,1,15-10-2023 13:00,Sky Stadium,Wellington Phoenix,Melbourne City,0,1,Melbourne City
2023,5,1,15-10-2023 15:00,Coopers Stadium,Adelaide United,Canberra United,4,4,Draw
2023,6,1,15-10-2023 16:00,Home of the Matildas,Melbourne Victory,Brisbane Roar,1,2,Brisbane Roar
2023,7,2,20-10-2023 17:00,Coopers Stadium,Adelaide United,Central Coast Mariners,1,2,Central Coast Mariners
2023,8,2,21-10-2023 14:45,AAMI Park,Melbourne City,Canberra United,2,1,Melbourne City
2023,9,2,21-10-2023 16:00,Ballymore Stadium,Brisbane Roar,Sydney,1,0,Brisbane Roar
2023,10,2,22-10-2023 16:00,City Vista Recreation Reserve Pitch 1,Western United,Melbourne Victory,2,1,Western United
2023,11,2,22-10-2023 17:00,HBF Park,Perth Glory,Newcastle Jets,1,0,Perth Glory
2023,12,2,22-10-2023 17:45,CommBank Stadium,Western Sydney Wanderers,Wellington Phoenix,0,3,Wellington Phoenix
2023,14,3,04-11-2023 12:45,Sky Stadium,Wellington Phoenix,Brisbane Roar,2,1,Wellington Phoenix
2023,16,3,04-11-2023 16:00,McKellar Park,Canberra United,Perth Glory,2,3,Perth Glory
2023,17,3,04-11-2023 17:00,AAMI Park,Melbourne Victory,Adelaide United,2,0,Melbourne Victory
2023,18,3,05-11-2023 16:00,City Vista Recreation Reserve Pitch 1,Western United,Melbourne City,2,2,Draw
2023,15,3,05-11-2023 17:45,McDonald Jones Stadium,Newcastle Jets,Western Sydney Wanderers,1,1,Draw
2023,13,3,17-01-2024 19:00,Leichhardt Oval,Sydney,Central Coast Mariners,1,2,Central Coast Mariners
2023,21,4,11-11-2023 22:00,Macedonia Park,Perth Glory,Adelaide United,2,1,Perth Glory
2023,22,4,12-11-2023 14:00,Porirua Park,Wellington Phoenix,Western United,3,1,Wellington Phoenix
2023,23,4,12-11-2023 14:15,Industree Group Stadium,Central Coast Mariners,Brisbane Roar,1,1,Draw
2023,20,4,12-11-2023 15:00,Home of the Matildas,Melbourne Victory,Newcastle Jets,4,0,Melbourne Victory
2023,19,4,12-11-2023 17:45,AAMI Park,Melbourne City,Western Sydney Wanderers,4,3,Melbourne City
2023,24,4,03-01-2024 19:00,Leichhardt Oval,Sydney,Canberra United,1,1,Draw
2023,26,5,18-11-2023 18:00,Industree Group Stadium,Central Coast Mariners,Wellington Phoenix,1,0,Central Coast Mariners
2023,27,5,18-11-2023 22:00,Macedonia Park,Perth Glory,Melbourne Victory,2,2,Draw
2023,28,5,19-11-2023 14:00,Marden Sports Complex,Adelaide United,Sydney,1,3,Sydney
2023,29,5,19-11-2023 16:00,Ballymore Stadium,Brisbane Roar,Western United,0,1,Western United
2023,30,5,19-11-2023 16:00,No.2 Sportsground,Newcastle Jets,Melbourne City,2,3,Melbourne City
2023,25,5,13-03-2024 19:00,Wanderers Football Park,Western Sydney Wanderers,Canberra United,4,1,Western Sydney Wanderers
2023,32,6,25-11-2023 16:00,City Vista Recreation Reserve Pitch 1,Western United,Western Sydney Wanderers,0,2,Western Sydney Wanderers
2023,31,6,25-11-2023 17:15,Go Media Stadium,Wellington Phoenix,Perth Glory,2,1,Wellington Phoenix
2023,34,6,26-11-2023 14:00,Home of the Matildas,Melbourne Victory,Central Coast Mariners,2,1,Melbourne Victory
2023,35,6,26-11-2023 16:00,McKellar Park,Canberra United,Newcastle Jets,3,4,Newcastle Jets
2023,36,6,26-11-2023 16:00,Sydney Olympic Park Athletic Centre,Sydney,Melbourne City,2,3,Melbourne City
2023,33,6,26-11-2023 17:45,Suncorp Stadium,Brisbane Roar,Adelaide United,1,1,Draw
2023,37,7,08-12-2023 19:00,Wanderers Football Park,Western Sydney Wanderers,Central Coast Mariners,3,0,Western Sydney Wanderers
2023,38,7,09-12-2023 16:00,Genis Steel Stadium,Melbourne City,Perth Glory,1,3,Perth Glory
2023,39,7,09-12-2023 16:00,Marden Sports Complex,Adelaide United,Western United,1,3,Western United
2023,40,7,10-12-2023 14:00,Porirua Park,Wellington Phoenix,Melbourne Victory,2,2,Draw
2023,41,7,10-12-2023 16:00,McKellar Park,Canberra United,Brisbane Roar,5,1,Canberra United
2023,42,7,10-12-2023 16:00,No.2 Sportsground,Newcastle Jets,Sydney,0,1,Sydney
2023,43,8,15-12-2023 19:30,Industree Group Stadium,Central Coast Mariners,Melbourne City,1,1,Draw
2023,44,8,16-12-2023 17:00,AAMI Park,Melbourne Victory,Canberra United,2,0,Melbourne Victory
2023,45,8,16-12-2023 17:30,Marden Sports Complex,Adelaide United,Wellington Phoenix,2,1,Adelaide United
2023,46,8,17-12-2023 17:00,No.2 Sportsground,Newcastle Jets,Western United,4,2,Newcastle Jets
2023,47,8,17-12-2023 18:00,Perry Park,Brisbane Roar,Western Sydney Wanderers,1,1,Draw
2023,48,8,17-12-2023 22:00,Macedonia Park,Perth Glory,Sydney,0,0,Draw
2023,50,9,22-12-2023 17:00,City Vista Recreation Reserve Pitch 1,Western United,Perth Glory,1,0,Western United
2023,49,9,22-12-2023 19:00,Leichhardt Oval,Sydney,Brisbane Roar,1,1,Draw
2023,51,9,23-12-2023 12:45,Sky Stadium,Wellington Phoenix,Newcastle Jets,2,0,Wellington Phoenix
2023,52,9,23-12-2023 17:00,McKellar Park,Canberra United,Central Coast Mariners,0,3,Central Coast Mariners
2023,53,9,23-12-2023 17:00,AAMI Park,Melbourne City,Melbourne Victory,1,0,Melbourne City
2023,54,9,23-12-2023 18:00,Wanderers Football Park,Western Sydney Wanderers,Adelaide United,0,1,Adelaide United
2023,55,10,28-12-2023 17:00,AAMI Park,Melbourne City,Brisbane Roar,5,3,Melbourne City
2023,56,10,29-12-2023 17:00,Allianz Stadium,Sydney,Wellington Phoenix,1,0,Sydney
2023,57,10,30-12-2023 17:00,McKellar Park,Canberra United,Western United,1,1,Draw
2023,58,10,30-12-2023 18:00,Wanderers Football Park,Western Sydney Wanderers,Melbourne Victory,2,0,Western Sydney Wanderers
2023,59,10,31-12-2023 16:15,Industree Group Stadium,Central Coast Mariners,Perth Glory,1,2,Perth Glory
2023,60,10,31-12-2023 17:00,No.2 Sportsground,Newcastle Jets,Adelaide United,3,1,Newcastle Jets
2023,62,11,06-01-2024 17:00,No.2 Sportsground,Newcastle Jets,Canberra United,3,3,Draw
2023,61,11,06-01-2024 17:30,Marden Sports Complex,Adelaide United,Melbourne City,0,5,Melbourne City
2023,63,11,06-01-2024 18:00,Home of the Matildas,Melbourne Victory,Western United,1,4,Western United
2023,64,11,07-01-2024 18:00,Industree Group Stadium,Central Coast Mariners,Sydney,0,0,Draw
2023,65,11,07-01-2024 18:00,Perry Park,Brisbane Roar,Wellington Phoenix,2,1,Brisbane Roar
2023,66,11,07-01-2024 22:00,Macedonia Park,Perth Glory,Western Sydney Wanderers,0,2,Western Sydney Wanderers
2023,70,12,12-01-2024 17:00,Leichhardt Oval,Melbourne Victory,Perth Glory,1,1,Draw
2023,67,12,12-01-2024 19:45,Leichhardt Oval,Wellington Phoenix,Central Coast Mariners,1,2,Central Coast Mariners
2023,68,12,13-01-2024 17:00,Leichhardt Oval,Canberra United,Adelaide United,3,1,Canberra United
2023,71,12,13-01-2024 19:45,Leichhardt Oval,Brisbane Roar,Newcastle Jets,1,2,Newcastle Jets
2023,69,12,14-01-2024 17:00,Allianz Stadium,Western United,Sydney,0,1,Sydney
2023,72,12,14-01-2024 17:00,CommBank Stadium,Western Sydney Wanderers,Melbourne City,1,0,Western Sydney Wanderers
2023,73,13,20-01-2024 17:00,City Football Academy Field,Melbourne City,Wellington Phoenix,2,1,Melbourne City
2023,76,13,20-01-2024 17:00,McKellar Park,Canberra United,Melbourne Victory,2,3,Melbourne Victory
2023,75,13,20-01-2024 22:30,Macedonia Park,Perth Glory,Brisbane Roar,0,0,Draw
2023,78,13,21-01-2024 17:00,City Vista Recreation Reserve Pitch 1,Western United,Adelaide United,1,0,Western United
2023,77,13,21-01-2024 18:00,Leichhardt Oval,Sydney,Newcastle Jets,2,1,Sydney
2023,74,13,21-01-2024 20:45,Industree Group Stadium,Central Coast Mariners,Western Sydney Wanderers,1,2,Western Sydney Wanderers
2023,83,14,25-01-2024 17:00,AAMI Park,Melbourne City,Western United,1,3,Western United
2023,79,14,26-01-2024 17:00,AAMI Park,Melbourne Victory,Sydney,1,1,Draw
2023,80,14,27-01-2024 17:00,Marconi Stadium,Western Sydney Wanderers,Brisbane Roar,1,3,Brisbane Roar
2023,81,14,27-01-2024 17:30,Marden Sports Complex,Adelaide United,Perth Glory,2,1,Adelaide United
2023,82,14,28-01-2024 15:00,Porirua Park,Wellington Phoenix,Canberra United,2,0,Wellington Phoenix
2023,84,14,28-01-2024 17:00,No.2 Sportsground,Newcastle Jets,Central Coast Mariners,0,2,Central Coast Mariners
2023,90,15,03-02-2024 14:15,North Hobart Oval,Western United,Central Coast Mariners,2,1,Western United
2023,85,15,03-02-2024 17:00,Coopers Stadium,Adelaide United,Western Sydney Wanderers,2,1,Adelaide United
2023,87,15,03-02-2024 18:00,Perry Park,Brisbane Roar,Melbourne Victory,1,2,Melbourne Victory
2023,86,15,03-02-2024 19:00,Leichhardt Oval,Sydney,Perth Glory,3,1,Sydney
2023,88,15,04-02-2024 17:00,McKellar Park,Canberra United,Melbourne City,3,1,Canberra United
2023,89,15,04-02-2024 17:00,No.2 Sportsground,Newcastle Jets,Wellington Phoenix,3,2,Newcastle Jets
2023,91,16,09-02-2024 19:00,Carrington Park,Western Sydney Wanderers,Newcastle Jets,2,1,Western Sydney Wanderers
2023,92,16,10-02-2024 17:00,Industree Group Stadium,Central Coast Mariners,Melbourne Victory,1,1,Draw
2023,96,16,10-02-2024 17:30,City Football Academy Field,Melbourne City,Sydney,0,0,Draw
2023,94,16,10-02-2024 22:30,Macedonia Park,Perth Glory,Canberra United,2,2,Draw
2023,93,16,11-02-2024 17:00,City Vista Recreation Reserve Pitch 1,Western United,Brisbane Roar,3,2,Western United
2023,95,16,20-03-2024 15:00,Porirua Park,Wellington Phoenix,Adelaide United,4,0,Wellington Phoenix
2023,97,17,16-02-2024 19:00,Home of the Matildas,Melbourne Victory,Western Sydney Wanderers,4,0,Melbourne Victory
2023,98,17,17-02-2024 17:00,Maitland Sports Ground,Newcastle Jets,Brisbane Roar,3,0,Newcastle Jets
2023,100,17,18-02-2024 17:00,City Football Academy Field,Melbourne City,Adelaide United,1,1,Draw
2023,101,17,18-02-2024 17:00,City Vista Recreation Reserve Pitch 1,Western United,Wellington Phoenix,3,0,Western United
2023,102,17,18-02-2024 22:30,Macedonia Park,Perth Glory,Central Coast Mariners,1,3,Central Coast Mariners
2023,99,17,27-03-2024 16:00,McKellar Park,Canberra United,Sydney,1,0,Canberra United
2023,103,18,01-03-2024 16:30,City Vista Recreation Reserve Pitch 1,Western United,Canberra United,4,2,Western United
2023,106,18,02-03-2024 17:00,CommBank Stadium,Western Sydney Wanderers,Sydney,0,2,Sydney
2023,105,18,02-03-2024 18:00,Perry Park,Brisbane Roar,Melbourne City,2,0,Brisbane Roar
2023,107,18,03-03-2024 14:00,Home of the Matildas,Melbourne Victory,Wellington Phoenix,5,3,Melbourne Victory
2023,104,18,03-03-2024 16:00,Industree Group Stadium,Central Coast Mariners,Adelaide United,2,0,Central Coast Mariners
2023,108,18,03-03-2024 16:00,Maitland Sports Ground,Newcastle Jets,Perth Glory,1,1,Draw
2023,109,19,08-03-2024 22:00,Macedonia Park,Perth Glory,Wellington Phoenix,1,3,Wellington Phoenix
2023,112,19,09-03-2024 15:00,McKellar Park,Canberra United,Western Sydney Wanderers,1,1,Draw
2023,111,19,09-03-2024 16:00,Ballymore Stadium,Brisbane Roar,Central Coast Mariners,0,2,Central Coast Mariners
2023,110,19,09-03-2024 19:00,Leichhardt Oval,Sydney,Western United,3,1,Sydney
2023,114,19,10-03-2024 18:00,City Football Academy Field,Melbourne City,Newcastle Jets,2,0,Melbourne City
2023,113,19,10-03-2024 19:30,Coopers Stadium,Adelaide United,Melbourne Victory,1,4,Melbourne Victory
2023,115,20,16-03-2024 14:30,Marden Sports Complex,Adelaide United,Brisbane Roar,1,2,Brisbane Roar
2023,116,20,16-03-2024 16:00,Wanderers Football Park,Western Sydney Wanderers,Perth Glory,1,0,Western Sydney Wanderers
2023,117,20,17-03-2024 14:00,Home of the Matildas,Melbourne Victory,Melbourne City,0,0,Draw
2023,118,20,17-03-2024 14:00,Porirua Park,Wellington Phoenix,Sydney,2,4,Sydney
2023,119,20,17-03-2024 15:00,Industree Group Stadium,Central Coast Mariners,Canberra United,4,1,Central Coast Mariners
2023,120,20,17-03-2024 16:00,Regional Football Facility Tarneit,Western United,Newcastle Jets,1,3,Newcastle Jets
2023,121,21,23-03-2024 16:00,City Football Academy Field,Melbourne City,Central Coast Mariners,3,0,Melbourne City
2023,122,21,23-03-2024 16:00,No.2 Sportsground,Newcastle Jets,Melbourne Victory,3,2,Newcastle Jets
2023,123,21,23-03-2024 18:00,Wanderers Football Park,Western Sydney Wanderers,Western United,3,1,Western Sydney Wanderers
2023,124,21,24-03-2024 14:00,McKellar Park,Canberra United,Wellington Phoenix,1,0,Canberra United
2023,125,21,24-03-2024 16:00,Leichhardt Oval,Sydney,Adelaide United,3,0,Sydney
2023,126,21,24-03-2024 16:00,Perry Park,Brisbane Roar,Perth Glory,2,0,Brisbane Roar
2023,128,22,28-03-2024 19:00,Industree Group Stadium,Central Coast Mariners,Western United,1,1,Draw
2023,130,22,29-03-2024 17:00,Coopers Stadium,Adelaide United,Newcastle Jets,0,8,Newcastle Jets
2023,127,22,30-03-2024 14:00,Porirua Park,Wellington Phoenix,Western Sydney Wanderers,2,0,Wellington Phoenix
2023,129,22,30-03-2024 16:00,Perry Park,Brisbane Roar,Canberra United,1,2,Canberra United
2023,131,22,31-03-2024 16:00,Leichhardt Oval,Sydney,Melbourne Victory,0,4,Melbourne Victory
2023,132,22,31-03-2024 18:30,Macedonia Park,Perth Glory,Melbourne City,1,2,Melbourne City
2023,133,Elimination Finals,13-04-2024 18:30,Regional Football Facility Tarneit,Western United,Newcastle Jets,2,4,Newcastle Jets
2023,134,Elimination Finals,14-04-2024 16:00,Home of the Matildas,Melbourne Victory,Central Coast Mariners,0,0,Draw
2023,135,Semi Final 1,21-04-2024 15:00,Maitland Sports Ground,Newcastle Jets,Melbourne City,0,3,Melbourne City
2023,136,Semi Final 1,21-04-2024 15:00,Industree Group Stadium,Central Coast Mariners,Sydney,0,1,Sydney
2023,137,Semi Final 2,27-04-2024 15:00,Leichhardt Oval,Sydney,Central Coast Mariners,1,1,Draw
2023,138,Semi Final 2,28-04-2024 13:00,AAMI Park,Melbourne City,Newcastle Jets,3,0,Melbourne City
2023,139,Grand Final,04-05-2024 16:15,AAMI Park,Melbourne City,Sydney,0,1,Sydney
2024,1,1,01-11-2024 19:00,Ironbark Fields,Western United,Wellington Phoenix,4,2,Western United
2024,2,1,02-11-2024 14:15,Industree Group Stadium,Central Coast Mariners,Sydney,3,1,Central Coast Mariners
2024,3,1,02-11-2024 16:00,McKellar Park,Canberra United,Brisbane Roar,3,2,Canberra United
2024,4,1,02-11-2024 17:00,ServiceFM Stadium,Adelaide United,Melbourne Victory,2,3,Melbourne Victory
2024,5,1,03-11-2024 15:00,City Football Academy Field,Melbourne City,Perth Glory,5,2,Melbourne City
2024,6,1,03-11-2024 16:00,Cessnock Sportsground,Newcastle Jets,Western Sydney Wanderers,2,2,Draw
2024,7,2,08-11-2024 19:00,Ironbark Fields,Western United,Central Coast Mariners,0,0,Draw
2024,8,2,09-11-2024 14:15,AAMI Park,Melbourne Victory,Melbourne City,2,3,Melbourne City
2024,9,2,09-11-2024 16:00,Perry Park,Brisbane Roar,Sydney,1,0,Brisbane Roar
2024,10,2,10-11-2024 14:00,Porirua Park,Wellington Phoenix,Canberra United,0,1,Canberra United
2024,11,2,10-11-2024 15:00,Wanderers Football Park,Western Sydney Wanderers,Adelaide United,0,2,Adelaide United
2024,12,2,10-11-2024 18:00,HBF Park,Perth Glory,Newcastle Jets,3,2,Perth Glory
2024,13,3,15-11-2024 19:00,Perry Park,Brisbane Roar,Perth Glory,3,0,Brisbane Roar
2024,14,3,16-11-2024 14:15,Leichhardt Oval,Sydney,Western Sydney Wanderers,1,0,Sydney
2024,15,3,16-11-2024 16:00,City Football Academy Field,Melbourne City,Central Coast Mariners,2,2,Draw
2024,16,3,16-11-2024 16:00,McKellar Park,Canberra United,Adelaide United,0,2,Adelaide United
2024,17,3,17-11-2024 15:00,Maitland Sports Ground,Newcastle Jets,Wellington Phoenix,1,0,Newcastle Jets
2024,18,3,17-11-2024 16:00,Home of the Matildas,Melbourne Victory,Western United,4,1,Melbourne Victory
2024,19,4,22-11-2024 17:30,Netstrata Jubilee Stadium,Adelaide United,Wellington Phoenix,0,1,Wellington Phoenix
2024,20,4,22-11-2024 20:15,Netstrata Jubilee Stadium,Western Sydney Wanderers,Brisbane Roar,0,4,Brisbane Roar
2024,21,4,23-11-2024 14:15,Netstrata Jubilee Stadium,Central Coast Mariners,Melbourne Victory,1,1,Draw
2024,22,4,23-11-2024 17:00,Netstrata Jubilee Stadium,Newcastle Jets,Western United,1,1,Draw
2024,23,4,24-11-2024 13:30,Netstrata Jubilee Stadium,Canberra United,Perth Glory,1,1,Draw
2024,24,4,24-11-2024 16:15,Netstrata Jubilee Stadium,Sydney,Melbourne City,1,1,Draw
2024,25,5,30-11-2024 14:15,AAMI Park,Melbourne City,Western Sydney Wanderers,2,0,Melbourne City
2024,26,5,30-11-2024 16:00,Industree Group Stadium,Central Coast Mariners,Canberra United,2,1,Central Coast Mariners
2024,27,5,08-12-2024 14:00,Porirua Park,Wellington Phoenix,Brisbane Roar,2,1,Wellington Phoenix
2024,28,5,08-12-2024 17:00,Ironbark Fields,Western United,Sydney,2,1,Western United
2024,29,5,08-12-2024 17:30,ServiceFM Stadium,Adelaide United,Newcastle Jets,2,0,Adelaide United
2024,30,5,08-12-2024 20:00,Sam Kerr Football Centre,Perth Glory,Melbourne Victory,0,1,Melbourne Victory
2024,31,6,13-12-2024 19:00,Home of the Matildas,Melbourne Victory,Wellington Phoenix,1,1,Draw
2024,32,6,14-12-2024 16:50,CommBank Stadium,Western Sydney Wanderers,Western United,5,1,Western Sydney Wanderers
2024,34,6,14-12-2024 19:45,Allianz Stadium,Sydney,Newcastle Jets,1,2,Newcastle Jets
2024,33,6,15-12-2024 18:00,Perry Park,Brisbane Roar,Central Coast Mariners,2,1,Brisbane Roar
2024,35,6,15-12-2024 19:45,AAMI Park,Melbourne City,Canberra United,4,2,Melbourne City
2024,36,6,15-12-2024 20:00,Sam Kerr Football Centre,Perth Glory,Adelaide United,3,1,Perth Glory
2024,37,7,20-12-2024 16:50,Coopers Stadium,Adelaide United,Melbourne City,1,3,Melbourne City
2024,38,7,20-12-2024 19:00,Wanderers Football Park,Western Sydney Wanderers,Perth Glory,1,1,Draw
2024,39,7,21-12-2024 14:00,Porirua Park,Wellington Phoenix,Sydney,2,0,Wellington Phoenix
2024,40,7,21-12-2024 17:00,McKellar Park,Canberra United,Melbourne Victory,0,2,Melbourne Victory
2024,41,7,21-12-2024 17:00,Maitland Sports Ground,Newcastle Jets,Brisbane Roar,1,6,Brisbane Roar
2024,42,7,22-12-2024 17:00,Industree Group Stadium,Central Coast Mariners,Western United,1,3,Western United
2024,43,8,27-12-2024 16:50,Coopers Stadium,Adelaide United,Western Sydney Wanderers,1,0,Adelaide United
2024,44,8,27-12-2024 20:00,HBF Park,Perth Glory,Central Coast Mariners,0,1,Central Coast Mariners
2024,45,8,28-12-2024 16:50,Allianz Stadium,Sydney,Melbourne Victory,0,1,Melbourne Victory
2024,46,8,28-12-2024 17:00,City Football Academy Field,Melbourne City,Wellington Phoenix,2,1,Melbourne City
2024,47,8,29-12-2024 17:00,McKellar Park,Canberra United,Newcastle Jets,0,0,Draw
2024,48,8,29-12-2024 19:45,Ironbark Fields,Western United,Brisbane Roar,2,8,Brisbane Roar
2024,49,9,31-12-2024 16:15,Industree Group Stadium,Central Coast Mariners,Melbourne City,0,0,Draw
2024,50,9,08-01-2025 17:30,No.2 Sportsground,Newcastle Jets,Adelaide United,3,3,Draw
2024,51,9,08-01-2025 19:00,Perry Park,Brisbane Roar,Melbourne Victory,2,0,Brisbane Roar
2024,52,9,09-01-2025 19:00,Wanderers Football Park,Western Sydney Wanderers,Wellington Phoenix,0,3,Wellington Phoenix
2024,53,9,15-01-2025 19:00,Leichhardt Oval,Sydney,Canberra United,2,0,Sydney
2024,54,9,21-01-2025 19:00,Ironbark Fields,Western United,Perth Glory,4,1,Western United
2024,55,10,03-01-2025 19:00,Ironbark Fields,Western United,Newcastle Jets,2,0,Western United
2024,56,10,04-01-2025 14:00,Porirua Park,Wellington Phoenix,Perth Glory,2,0,Wellington Phoenix
2024,57,10,04-01-2025 17:00,Woy Woy Oval,Central Coast Mariners,Adelaide United,0,1,Adelaide United
2024,58,10,04-01-2025 18:00,Perry Park,Brisbane Roar,Canberra United,1,2,Canberra United
2024,60,10,05-01-2025 17:00,Leichhardt Oval,Sydney,Melbourne City,1,1,Draw
2024,59,10,05-01-2025 20:00,Home of the Matildas,Melbourne Victory,Western Sydney Wanderers,4,4,Draw
2024,61,11,10-01-2025 22:00,Sam Kerr Football Centre,Perth Glory,Sydney,1,1,Draw
2024,62,11,11-01-2025 17:00,No.2 Sportsground,Newcastle Jets,Melbourne Victory,0,2,Melbourne Victory
2024,63,11,11-01-2025 17:00,McKellar Park,Canberra United,Western United,2,1,Canberra United
2024,64,11,11-01-2025 19:45,AAMI Park,Melbourne City,Brisbane Roar,2,0,Melbourne City
2024,66,11,12-01-2025 17:30,Marden Sports Complex,Adelaide United,Wellington Phoenix,2,1,Adelaide United
2024,65,11,12-01-2025 18:00,Wanderers Football Park,Western Sydney Wanderers,Central Coast Mariners,1,3,Central Coast Mariners
2024,67,12,17-01-2025 19:35,Ironbark Fields,Western United,Melbourne City,1,1,Draw
2024,68,12,18-01-2025 17:00,McKellar Park,Canberra United,Western Sydney Wanderers,1,0,Canberra United
2024,69,12,18-01-2025 18:00,Home of the Matildas,Melbourne Victory,Perth Glory,1,0,Melbourne Victory
2024,70,12,19-01-2025 14:00,Porirua Park,Wellington Phoenix,Newcastle Jets,3,2,Wellington Phoenix
2024,71,12,19-01-2025 17:00,Leichhardt Oval,Sydney,Central Coast Mariners,0,0,Draw
2024,72,12,19-01-2025 18:00,Perry Park,Brisbane Roar,Adelaide United,2,3,Adelaide United
2024,73,13,24-01-2025 16:50,AAMI Park,Melbourne Victory,Sydney,2,0,Melbourne Victory
2024,74,13,25-01-2025 17:00,Wanderers Football Park,Western Sydney Wanderers,Melbourne City,0,1,Melbourne City
2024,75,13,25-01-2025 17:30,Marden Sports Complex,Adelaide United,Western United,1,1,Draw
2024,76,13,25-01-2025 19:45,McDonald Jones Stadium,Newcastle Jets,Canberra United,2,2,Draw
2024,77,13,26-01-2025 17:00,Woy Woy Oval,Central Coast Mariners,Wellington Phoenix,1,0,Central Coast Mariners
2024,78,13,26-01-2025 20:00,Sam Kerr Football Centre,Perth Glory,Brisbane Roar,3,2,Perth Glory
2024,79,14,31-01-2025 19:00,Ironbark Fields,Western United,Western Sydney Wanderers,4,1,Western United
2024,80,14,31-01-2025 19:00,Leichhardt Oval,Sydney,Adelaide United,2,3,Adelaide United
2024,81,14,01-02-2025 16:50,Industree Group Stadium,Central Coast Mariners,Newcastle Jets,5,1,Central Coast Mariners
2024,82,14,01-02-2025 17:00,McKellar Park,Canberra United,Perth Glory,1,0,Canberra United
2024,83,14,01-02-2025 18:00,City Football Academy Field,Melbourne City,Melbourne Victory,1,1,Draw
2024,84,14,02-02-2025 18:00,Perry Park,Brisbane Roar,Wellington Phoenix,1,0,Brisbane Roar
2024,85,15,07-02-2025 16:50,Coopers Stadium,Adelaide United,Perth Glory,3,0,Adelaide United
2024,86,15,08-02-2025 14:00,Porirua Park,Wellington Phoenix,Melbourne Victory,1,1,Draw
2024,87,15,08-02-2025 17:00,McKellar Park,Canberra United,Central Coast Mariners,1,1,Draw
2024,88,15,08-02-2025 20:00,McDonald Jones Stadium,Newcastle Jets,Melbourne City,0,2,Melbourne City
2024,89,15,09-02-2025 17:00,Wanderers Football Park,Western Sydney Wanderers,Brisbane Roar,2,1,Western Sydney Wanderers
2024,90,15,09-02-2025 17:00,Leichhardt Oval,Sydney,Western United,1,2,Western United
2024,91,16,14-02-2025 19:00,Wanderers Football Park,Western Sydney Wanderers,Newcastle Jets,4,1,Western Sydney Wanderers
2024,92,16,15-02-2025 16:50,Coopers Stadium,Adelaide United,Canberra United,1,1,Draw
2024,93,16,15-02-2025 19:45,AAMI Park,Melbourne City,Sydney,2,1,Melbourne City
2024,94,16,16-02-2025 17:00,Home of the Matildas,Melbourne Victory,Central Coast Mariners,2,0,Melbourne Victory
2024,95,16,16-02-2025 18:00,Perry Park,Brisbane Roar,Western United,0,0,Draw
2024,96,16,16-02-2025 20:00,Sam Kerr Football Centre,Perth Glory,Wellington Phoenix,2,1,Perth Glory
2024,97,17,28-02-2025 16:50,Industree Group Stadium,Central Coast Mariners,Western Sydney Wanderers,1,2,Western Sydney Wanderers
2024,98,17,01-03-2025 16:00,McKellar Park,Canberra United,Melbourne City,1,1,Draw
2024,99,17,01-03-2025 16:30,No.2 Sportsground,Newcastle Jets,Perth Glory,2,1,Newcastle Jets
2024,100,17,01-03-2025 18:00,Ironbark Fields,Western United,Melbourne Victory,1,2,Melbourne Victory
2024,101,17,02-03-2025 14:00,Porirua Park,Wellington Phoenix,Adelaide United,1,3,Adelaide United
2024,102,17,02-03-2025 17:00,Leichhardt Oval,Sydney,Brisbane Roar,3,2,Sydney
2024,103,18,07-03-2025 22:00,Sam Kerr Football Centre,Perth Glory,Western United,3,0,Perth Glory
2024,104,18,08-03-2025 16:30,No.2 Sportsground,Newcastle Jets,Sydney,1,0,Newcastle Jets
2024,105,18,08-03-2025 19:45,Coopers Stadium,Adelaide United,Central Coast Mariners,1,0,Adelaide United
2024,106,18,09-03-2025 14:00,Porirua Park,Wellington Phoenix,Western Sydney Wanderers,2,1,Wellington Phoenix
2024,107,18,09-03-2025 17:00,Home of the Matildas,Melbourne Victory,Canberra United,2,0,Melbourne Victory
2024,108,18,26-03-2025 19:00,Perry Park,Brisbane Roar,Melbourne City,0,4,Melbourne City
2024,109,19,14-03-2025 19:00,Ironbark Fields,Western United,Canberra United,4,3,Western United
2024,110,19,14-03-2025 19:00,Industree Group Stadium,Central Coast Mariners,Perth Glory,3,3,Draw
2024,112,19,15-03-2025 17:00,Leichhardt Oval,Sydney,Wellington Phoenix,2,1,Sydney
2024,113,19,16-03-2025 16:00,City Football Academy Field,Melbourne City,Adelaide United,4,3,Melbourne City
2024,114,19,16-03-2025 18:30,Perry Park,Brisbane Roar,Newcastle Jets,2,3,Newcastle Jets
2024,111,19,06-04-2025 17:00,Wanderers Football Park,Western Sydney Wanderers,Melbourne Victory,0,1,Melbourne Victory
2024,119,20,05-02-2025 17:00,City Football Academy Field,Melbourne City,Western United,5,1,Melbourne City
2024,115,20,21-03-2025 19:00,Home of the Matildas,Melbourne Victory,Newcastle Jets,4,3,Melbourne Victory
2024,116,20,22-03-2025 14:00,Porirua Park,Wellington Phoenix,Central Coast Mariners,0,2,Central Coast Mariners
2024,117,20,22-03-2025 16:00,McKellar Park,Canberra United,Sydney,0,1,Sydney
2024,118,20,22-03-2025 20:00,Sam Kerr Football Centre,Perth Glory,Western Sydney Wanderers,1,0,Perth Glory
2024,120,20,23-03-2025 16:30,Coopers Stadium,Adelaide United,Brisbane Roar,3,1,Adelaide United
2024,121,21,28-03-2025 19:00,Marconi Stadium,Western Sydney Wanderers,Sydney,0,2,Sydney
2024,122,21,29-03-2025 16:50,AAMI Park,Melbourne Victory,Adelaide United,2,1,Melbourne Victory
2024,123,21,29-03-2025 20:00,Sam Kerr Football Centre,Perth Glory,Canberra United,1,2,Canberra United
2024,124,21,30-03-2025 14:00,Porirua Park,Wellington Phoenix,Melbourne City,0,1,Melbourne City
2024,125,21,30-03-2025 16:00,No.2 Sportsground,Newcastle Jets,Western United,0,2,Western United
2024,126,21,30-03-2025 17:45,Industree Group Stadium,Central Coast Mariners,Brisbane Roar,2,1,Central Coast Mariners
2024,127,22,11-04-2025 16:50,AAMI Park,Melbourne City,Newcastle Jets,4,1,Melbourne City
2024,128,22,11-04-2025 19:00,Industree Group Stadium,Central Coast Mariners,Melbourne Victory,0,1,Melbourne Victory
2024,129,22,12-04-2025 14:15,Allianz Stadium,Sydney,Perth Glory,1,0,Sydney
2024,130,22,12-04-2025 16:00,Ironbark Fields,Western United,Adelaide United,1,3,Adelaide United
2024,131,22,13-04-2025 15:00,McKellar Park,Canberra United,Wellington Phoenix,1,0,Canberra United
2024,132,22,13-04-2025 15:00,Perry Park,Brisbane Roar,Western Sydney Wanderers,4,4,Draw
2024,133,23,18-04-2025 16:50,Coopers Stadium,Adelaide United,Sydney,2,1,Adelaide United
2024,134,23,18-04-2025 21:00,Sam Kerr Football Centre,Perth Glory,Melbourne City,1,5,Melbourne City
2024,135,23,19-04-2025 14:15,AAMI Park,Melbourne Victory,Brisbane Roar,2,0,Melbourne Victory
2024,136,23,19-04-2025 16:00,Maitland Sports Ground,Newcastle Jets,Central Coast Mariners,1,2,Central Coast Mariners
2024,138,23,19-04-2025 16:50,CommBank Stadium,Western Sydney Wanderers,Canberra United,1,3,Canberra United
2024,137,23,20-04-2025 14:00,Porirua Park,Wellington Phoenix,Western United,1,1,Draw
2024,139,Elimination Finals,27-04-2025 16:00,Coopers Stadium,Adelaide United,Western United,1,0,Adelaide United
2024,140,Elimination Finals,28-04-2025 18:00,Industree Group Stadium,Central Coast Mariners,Canberra United,2,1,Central Coast Mariners
2024,141,Semi Final 1,03-05-2025 14:15,Industree Group Stadium,Central Coast Mariners,Melbourne City,2,2,Draw
2024,142,Semi Final 1,04-05-2025 16:00,Coopers Stadium,Adelaide United,Melbourne Victory,1,3,Melbourne Victory
2024,144,Semi Final 2,10-05-2025 14:15,Home of the Matildas,Melbourne Victory,Adelaide United,3,1,Melbourne Victory
2024,143,Semi Final 2,11-05-2025 14:00,City Football Academy Field,Melbourne City,Central Coast Mariners,0,1,Central Coast Mariners
2024,145,Grand Final,18-05-2025 15:15,AAMI Park,Melbourne Victory,Central Coast Mariners,1,1,Draw
