Date,Home Team,Away Team,Result,Home SCORE,Away SCORE
04/10/2024,Buffalo Sabres,New Jersey Devils,New Jersey Devils,1,4
05/10/2024,New Jersey Devils,Buffalo Sabres,New Jersey Devils,3,1
08/10/2024,Seattle Kraken,St. Louis Blues,St. Louis Blues,2,3
08/10/2024,Florida Panthers,Boston Bruins,Florida Panthers,6,4
09/10/2024,Utah Hockey Club,Chicago Blackhawks,Utah Hockey Club,5,2
09/10/2024,Montréal Canadiens,Toronto Maple Leafs,Montréal Canadiens,1,0
09/10/2024,Pittsburgh Penguins,New York Rangers,New York Rangers,0,6
10/10/2024,Edmonton Oilers,Winnipeg Jets,Winnipeg Jets,0,6
10/10/2024,Vancouver Canucks,Calgary Flames,Calgary Flames,5,6
10/10/2024,Vegas Golden Knights,Colorado Avalanche,Vegas Golden Knights,8,4
10/10/2024,Boston Bruins,Montréal Canadiens,Boston Bruins,6,4
10/10/2024,Buffalo Sabres,Los Angeles Kings,Los Angeles Kings,1,3
10/10/2024,Ottawa Senators,Florida Panthers,Ottawa Senators,3,1
10/10/2024,New Jersey Devils,Toronto Maple Leafs,Toronto Maple Leafs,2,4
10/10/2024,New York Islanders,Utah Hockey Club,Utah Hockey Club,4,5
11/10/2024,Detroit Red Wings,Pittsburgh Penguins,Pittsburgh Penguins,3,6
11/10/2024,Nashville Predators,Dallas Stars,Dallas Stars,3,4
11/10/2024,Minnesota Wild,Columbus Blue Jackets,Minnesota Wild,3,2
11/10/2024,San Jose Sharks,St. Louis Blues,St. Louis Blues,4,5
11/10/2024,Carolina Hurricanes,Tampa Bay Lightning,Tampa Bay Lightning,1,4
12/10/2024,Winnipeg Jets,Chicago Blackhawks,Winnipeg Jets,2,1
12/10/2024,Vancouver Canucks,Philadelphia Flyers,Philadelphia Flyers,2,3
12/10/2024,Vegas Golden Knights,St. Louis Blues,Vegas Golden Knights,4,3
12/10/2024,Boston Bruins,Los Angeles Kings,Boston Bruins,2,1
12/10/2024,Buffalo Sabres,Florida Panthers,Buffalo Sabres,5,2
12/10/2024,Toronto Maple Leafs,Pittsburgh Penguins,Toronto Maple Leafs,4,2
12/10/2024,Montréal Canadiens,Ottawa Senators,Montréal Canadiens,4,1
12/10/2024,Detroit Red Wings,Nashville Predators,Detroit Red Wings,3,0
12/10/2024,New York Rangers,Utah Hockey Club,Utah Hockey Club,5,6
12/10/2024,Washington Capitals,New Jersey Devils,New Jersey Devils,3,5
13/10/2024,Dallas Stars,New York Islanders,Dallas Stars,3,0
13/10/2024,Minnesota Wild,Seattle Kraken,Seattle Kraken,4,5
13/10/2024,Colorado Avalanche,Columbus Blue Jackets,Columbus Blue Jackets,4,6
13/10/2024,Calgary Flames,Philadelphia Flyers,Calgary Flames,6,3
13/10/2024,Edmonton Oilers,Chicago Blackhawks,Chicago Blackhawks,2,5
13/10/2024,San Jose Sharks,Anaheim Ducks,Anaheim Ducks,0,2
13/10/2024,Winnipeg Jets,Minnesota Wild,Winnipeg Jets,2,1
14/10/2024,Dallas Stars,Seattle Kraken,Dallas Stars,2,0
14/10/2024,Edmonton Oilers,Calgary Flames,Calgary Flames,1,4
14/10/2024,Vegas Golden Knights,Anaheim Ducks,Vegas Golden Knights,3,1
14/10/2024,Boston Bruins,Florida Panthers,Florida Panthers,3,4
14/10/2024,Ottawa Senators,Los Angeles Kings,Ottawa Senators,8,7
14/10/2024,New Jersey Devils,Utah Hockey Club,New Jersey Devils,3,0
14/10/2024,New York Rangers,Detroit Red Wings,New York Rangers,4,1
14/10/2024,Montréal Canadiens,Pittsburgh Penguins,Pittsburgh Penguins,3,6
15/10/2024,Colorado Avalanche,New York Islanders,New York Islanders,2,6
15/10/2024,Tampa Bay Lightning,Vancouver Canucks,Tampa Bay Lightning,4,1
15/10/2024,Washington Capitals,Vegas Golden Knights,Washington Capitals,4,2
15/10/2024,Carolina Hurricanes,New Jersey Devils,Carolina Hurricanes,4,2
15/10/2024,Columbus Blue Jackets,Florida Panthers,Florida Panthers,3,4
15/10/2024,St. Louis Blues,Minnesota Wild,Minnesota Wild,1,4
16/10/2024,Nashville Predators,Seattle Kraken,Seattle Kraken,3,7
16/10/2024,Dallas Stars,San Jose Sharks,Dallas Stars,3,2
16/10/2024,Calgary Flames,Chicago Blackhawks,Calgary Flames,3,1
16/10/2024,Edmonton Oilers,Philadelphia Flyers,Edmonton Oilers,4,3
16/10/2024,Pittsburgh Penguins,Buffalo Sabres,Pittsburgh Penguins,6,5
16/10/2024,Toronto Maple Leafs,Los Angeles Kings,Toronto Maple Leafs,6,2
17/10/2024,Colorado Avalanche,Boston Bruins,Boston Bruins,3,5
17/10/2024,Anaheim Ducks,Utah Hockey Club,Anaheim Ducks,5,4
17/10/2024,Montréal Canadiens,Los Angeles Kings,Los Angeles Kings,1,4
17/10/2024,Ottawa Senators,New Jersey Devils,New Jersey Devils,1,3
17/10/2024,Tampa Bay Lightning,Vegas Golden Knights,Tampa Bay Lightning,4,3
17/10/2024,Florida Panthers,Vancouver Canucks,Vancouver Canucks,2,3
17/10/2024,Washington Capitals,Dallas Stars,Washington Capitals,3,2
17/10/2024,Columbus Blue Jackets,Buffalo Sabres,Columbus Blue Jackets,6,4
17/10/2024,Detroit Red Wings,New York Rangers,New York Rangers,2,5
18/10/2024,St. Louis Blues,New York Islanders,St. Louis Blues,1,0
18/10/2024,Nashville Predators,Edmonton Oilers,Edmonton Oilers,2,4
18/10/2024,Chicago Blackhawks,San Jose Sharks,Chicago Blackhawks,4,2
18/10/2024,Seattle Kraken,Philadelphia Flyers,Seattle Kraken,6,4
18/10/2024,Pittsburgh Penguins,Carolina Hurricanes,Carolina Hurricanes,1,4
19/10/2024,Winnipeg Jets,San Jose Sharks,Winnipeg Jets,8,3
19/10/2024,Colorado Avalanche,Anaheim Ducks,Colorado Avalanche,4,3
19/10/2024,Ottawa Senators,Tampa Bay Lightning,Ottawa Senators,5,4
19/10/2024,Nashville Predators,Detroit Red Wings,Detroit Red Wings,2,5
19/10/2024,Dallas Stars,Edmonton Oilers,Dallas Stars,4,1
19/10/2024,Florida Panthers,Vegas Golden Knights,Florida Panthers,4,3
19/10/2024,Toronto Maple Leafs,New York Rangers,New York Rangers,1,4
19/10/2024,New Jersey Devils,Washington Capitals,Washington Capitals,5,6
19/10/2024,New York Islanders,Montréal Canadiens,New York Islanders,4,3
19/10/2024,Philadelphia Flyers,Vancouver Canucks,Vancouver Canucks,0,3
19/10/2024,Columbus Blue Jackets,Minnesota Wild,Minnesota Wild,1,3
19/10/2024,St. Louis Blues,Carolina Hurricanes,St. Louis Blues,4,3
20/10/2024,Chicago Blackhawks,Buffalo Sabres,Buffalo Sabres,2,4
20/10/2024,Utah Hockey Club,Boston Bruins,Utah Hockey Club,2,1
20/10/2024,Seattle Kraken,Calgary Flames,Seattle Kraken,2,1
20/10/2024,Winnipeg Jets,Pittsburgh Penguins,Winnipeg Jets,6,3
21/10/2024,San Jose Sharks,Colorado Avalanche,Colorado Avalanche,1,4
21/10/2024,Anaheim Ducks,Los Angeles Kings,Los Angeles Kings,1,4
21/10/2024,Toronto Maple Leafs,Tampa Bay Lightning,Toronto Maple Leafs,5,2
22/10/2024,Philadelphia Flyers,Washington Capitals,Washington Capitals,1,4
22/10/2024,Florida Panthers,Minnesota Wild,Minnesota Wild,1,5
22/10/2024,New Jersey Devils,Tampa Bay Lightning,Tampa Bay Lightning,5,8
22/10/2024,Buffalo Sabres,Dallas Stars,Buffalo Sabres,4,2
22/10/2024,Montréal Canadiens,New York Rangers,New York Rangers,2,7
22/10/2024,Columbus Blue Jackets,Toronto Maple Leafs,Columbus Blue Jackets,6,2
22/10/2024,New York Islanders,Detroit Red Wings,Detroit Red Wings,0,1
23/10/2024,St. Louis Blues,Winnipeg Jets,Winnipeg Jets,2,3
23/10/2024,Chicago Blackhawks,Vancouver Canucks,Vancouver Canucks,3,6
23/10/2024,Seattle Kraken,Colorado Avalanche,Colorado Avalanche,2,3
23/10/2024,Nashville Predators,Boston Bruins,Nashville Predators,4,0
23/10/2024,Edmonton Oilers,Carolina Hurricanes,Carolina Hurricanes,2,3
23/10/2024,Utah Hockey Club,Ottawa Senators,Ottawa Senators,0,4
23/10/2024,Calgary Flames,Pittsburgh Penguins,Calgary Flames,4,3
23/10/2024,Anaheim Ducks,San Jose Sharks,Anaheim Ducks,3,1
23/10/2024,Vegas Golden Knights,Los Angeles Kings,Vegas Golden Knights,6,1
23/10/2024,Washington Capitals,Philadelphia Flyers,Washington Capitals,6,3
24/10/2024,Boston Bruins,Dallas Stars,Dallas Stars,2,5
24/10/2024,Toronto Maple Leafs,St. Louis Blues,St. Louis Blues,1,5
24/10/2024,Detroit Red Wings,New Jersey Devils,Detroit Red Wings,5,3
24/10/2024,Tampa Bay Lightning,Minnesota Wild,Minnesota Wild,2,4
24/10/2024,New York Rangers,Florida Panthers,Florida Panthers,1,3
25/10/2024,Calgary Flames,Carolina Hurricanes,Carolina Hurricanes,2,4
25/10/2024,Utah Hockey Club,Colorado Avalanche,Colorado Avalanche,1,5
25/10/2024,Seattle Kraken,Winnipeg Jets,Winnipeg Jets,3,4
25/10/2024,Los Angeles Kings,San Jose Sharks,Los Angeles Kings,3,2
25/10/2024,Vegas Golden Knights,Ottawa Senators,Vegas Golden Knights,6,4
25/10/2024,New Jersey Devils,New York Islanders,New York Islanders,3,4
26/10/2024,Chicago Blackhawks,Nashville Predators,Nashville Predators,2,3
26/10/2024,Edmonton Oilers,Pittsburgh Penguins,Edmonton Oilers,4,0
26/10/2024,Buffalo Sabres,Detroit Red Wings,Buffalo Sabres,5,3
26/10/2024,Philadelphia Flyers,Minnesota Wild,Philadelphia Flyers,7,5
26/10/2024,Los Angeles Kings,Utah Hockey Club,Los Angeles Kings,3,2
26/10/2024,Boston Bruins,Toronto Maple Leafs,Boston Bruins,4,3
26/10/2024,Montréal Canadiens,St. Louis Blues,Montréal Canadiens,5,2
26/10/2024,Tampa Bay Lightning,Washington Capitals,Tampa Bay Lightning,3,0
26/10/2024,New York Rangers,Anaheim Ducks,New York Rangers,2,1
26/10/2024,Calgary Flames,Winnipeg Jets,Winnipeg Jets,3,5
26/10/2024,New York Islanders,Florida Panthers,Florida Panthers,3,6
27/10/2024,Nashville Predators,Columbus Blue Jackets,Nashville Predators,4,3
27/10/2024,Dallas Stars,Chicago Blackhawks,Dallas Stars,4,2
27/10/2024,Vancouver Canucks,Pittsburgh Penguins,Vancouver Canucks,4,3
27/10/2024,Vegas Golden Knights,San Jose Sharks,Vegas Golden Knights,7,3
27/10/2024,Seattle Kraken,Carolina Hurricanes,Carolina Hurricanes,1,4
27/10/2024,Detroit Red Wings,Edmonton Oilers,Edmonton Oilers,2,3
27/10/2024,New Jersey Devils,Anaheim Ducks,New Jersey Devils,6,2
27/10/2024,Philadelphia Flyers,Montréal Canadiens,Montréal Canadiens,3,4
28/10/2024,Colorado Avalanche,Ottawa Senators,Colorado Avalanche,5,4
28/10/2024,Buffalo Sabres,Florida Panthers,Florida Panthers,2,5
28/10/2024,Columbus Blue Jackets,Edmonton Oilers,Columbus Blue Jackets,6,1
28/10/2024,Tampa Bay Lightning,Nashville Predators,Tampa Bay Lightning,3,2
28/10/2024,Winnipeg Jets,Toronto Maple Leafs,Toronto Maple Leafs,4,6
29/10/2024,Colorado Avalanche,Chicago Blackhawks,Chicago Blackhawks,2,5
29/10/2024,Utah Hockey Club,San Jose Sharks,San Jose Sharks,4,5
29/10/2024,Vancouver Canucks,Carolina Hurricanes,Carolina Hurricanes,3,4
29/10/2024,Vegas Golden Knights,Calgary Flames,Vegas Golden Knights,5,0
29/10/2024,Boston Bruins,Philadelphia Flyers,Philadelphia Flyers,0,2
29/10/2024,Montréal Canadiens,Seattle Kraken,Seattle Kraken,2,8
29/10/2024,Ottawa Senators,St. Louis Blues,Ottawa Senators,8,1
29/10/2024,New York Islanders,Anaheim Ducks,Anaheim Ducks,1,3
29/10/2024,Pittsburgh Penguins,Minnesota Wild,Minnesota Wild,3,5
29/10/2024,Washington Capitals,New York Rangers,Washington Capitals,5,3
30/10/2024,San Jose Sharks,Los Angeles Kings,San Jose Sharks,4,2
30/10/2024,Columbus Blue Jackets,New York Islanders,Columbus Blue Jackets,2,0
30/10/2024,Detroit Red Wings,Winnipeg Jets,Winnipeg Jets,2,6
31/10/2024,Colorado Avalanche,Tampa Bay Lightning,Tampa Bay Lightning,2,5
31/10/2024,Utah Hockey Club,Calgary Flames,Utah Hockey Club,5,1
31/10/2024,Los Angeles Kings,Vegas Golden Knights,Los Angeles Kings,6,3
31/10/2024,Vancouver Canucks,New Jersey Devils,New Jersey Devils,0,6
31/10/2024,Toronto Maple Leafs,Seattle Kraken,Toronto Maple Leafs,4,1
31/10/2024,Philadelphia Flyers,St. Louis Blues,Philadelphia Flyers,2,1
31/10/2024,Pittsburgh Penguins,Anaheim Ducks,Pittsburgh Penguins,2,1
31/10/2024,Washington Capitals,Montréal Canadiens,Washington Capitals,6,3
31/10/2024,Carolina Hurricanes,Boston Bruins,Carolina Hurricanes,8,2
01/11/2024,Nashville Predators,Edmonton Oilers,Edmonton Oilers,1,5
01/11/2024,San Jose Sharks,Chicago Blackhawks,San Jose Sharks,3,2
01/11/2024,Dallas Stars,Florida Panthers,Florida Panthers,4,6
01/11/2024,Buffalo Sabres,New York Islanders,New York Islanders,3,4
01/11/2024,New York Rangers,Ottawa Senators,New York Rangers,2,1
01/11/2024,Columbus Blue Jackets,Winnipeg Jets,Winnipeg Jets,2,6
02/11/2024,Minnesota Wild,Tampa Bay Lightning,Minnesota Wild,5,3
02/11/2024,Calgary Flames,New Jersey Devils,Calgary Flames,3,0
02/11/2024,Florida Panthers,Dallas Stars,Florida Panthers,4,2
02/11/2024,Philadelphia Flyers,Boston Bruins,Boston Bruins,0,3
02/11/2024,Los Angeles Kings,Chicago Blackhawks,Chicago Blackhawks,3,4
02/11/2024,Washington Capitals,Columbus Blue Jackets,Washington Capitals,7,2
02/11/2024,Ottawa Senators,Seattle Kraken,Ottawa Senators,3,0
02/11/2024,Detroit Red Wings,Buffalo Sabres,Detroit Red Wings,2,1
02/11/2024,Pittsburgh Penguins,Montréal Canadiens,Pittsburgh Penguins,3,1
02/11/2024,St. Louis Blues,Toronto Maple Leafs,St. Louis Blues,4,2
03/11/2024,Nashville Predators,Colorado Avalanche,Nashville Predators,5,2
03/11/2024,Vegas Golden Knights,Utah Hockey Club,Vegas Golden Knights,4,3
03/11/2024,San Jose Sharks,Vancouver Canucks,Vancouver Canucks,2,3
03/11/2024,New York Rangers,New York Islanders,New York Rangers,5,2
03/11/2024,Winnipeg Jets,Tampa Bay Lightning,Winnipeg Jets,7,4
03/11/2024,Boston Bruins,Seattle Kraken,Boston Bruins,2,0
03/11/2024,Carolina Hurricanes,Washington Capitals,Carolina Hurricanes,4,2
03/11/2024,Minnesota Wild,Toronto Maple Leafs,Minnesota Wild,2,1
04/11/2024,Calgary Flames,Edmonton Oilers,Edmonton Oilers,2,4
04/11/2024,Anaheim Ducks,Chicago Blackhawks,Chicago Blackhawks,2,4
05/11/2024,Nashville Predators,Los Angeles Kings,Los Angeles Kings,0,3
05/11/2024,Edmonton Oilers,New Jersey Devils,New Jersey Devils,0,3
06/11/2024,Buffalo Sabres,Ottawa Senators,Buffalo Sabres,5,1
06/11/2024,Toronto Maple Leafs,Boston Bruins,Toronto Maple Leafs,4,0
06/11/2024,Montréal Canadiens,Calgary Flames,Calgary Flames,2,3
06/11/2024,Carolina Hurricanes,Philadelphia Flyers,Carolina Hurricanes,6,4
06/11/2024,New York Islanders,Pittsburgh Penguins,New York Islanders,4,3
06/11/2024,St. Louis Blues,Tampa Bay Lightning,St. Louis Blues,3,2
06/11/2024,Minnesota Wild,Los Angeles Kings,Los Angeles Kings,1,5
06/11/2024,Winnipeg Jets,Utah Hockey Club,Winnipeg Jets,3,0
06/11/2024,Colorado Avalanche,Seattle Kraken,Colorado Avalanche,6,3
06/11/2024,Anaheim Ducks,Vancouver Canucks,Vancouver Canucks,1,5
06/11/2024,San Jose Sharks,Columbus Blue Jackets,San Jose Sharks,2,1
07/11/2024,Washington Capitals,Nashville Predators,Washington Capitals,3,2
07/11/2024,Chicago Blackhawks,Detroit Red Wings,Detroit Red Wings,1,4
07/11/2024,Edmonton Oilers,Vegas Golden Knights,Vegas Golden Knights,2,4
08/11/2024,Boston Bruins,Calgary Flames,Boston Bruins,4,3
08/11/2024,Ottawa Senators,New York Islanders,New York Islanders,2,4
08/11/2024,Florida Panthers,Nashville Predators,Florida Panthers,6,2
08/11/2024,New Jersey Devils,Montréal Canadiens,New Jersey Devils,5,3
08/11/2024,New York Rangers,Buffalo Sabres,Buffalo Sabres,1,6
08/11/2024,Carolina Hurricanes,Pittsburgh Penguins,Carolina Hurricanes,5,1
08/11/2024,Tampa Bay Lightning,Philadelphia Flyers,Philadelphia Flyers,1,2
08/11/2024,St. Louis Blues,Utah Hockey Club,Utah Hockey Club,2,4
08/11/2024,Dallas Stars,Chicago Blackhawks,Dallas Stars,3,1
08/11/2024,Winnipeg Jets,Colorado Avalanche,Winnipeg Jets,1,0
08/11/2024,Los Angeles Kings,Vancouver Canucks,Vancouver Canucks,2,4
08/11/2024,San Jose Sharks,Minnesota Wild,Minnesota Wild,2,5
09/11/2024,Toronto Maple Leafs,Detroit Red Wings,Toronto Maple Leafs,3,1
09/11/2024,Washington Capitals,Pittsburgh Penguins,Pittsburgh Penguins,2,4
09/11/2024,Anaheim Ducks,Minnesota Wild,Minnesota Wild,2,5
09/11/2024,Seattle Kraken,Vegas Golden Knights,Seattle Kraken,4,3
09/11/2024,Buffalo Sabres,Calgary Flames,Buffalo Sabres,3,2
09/11/2024,Winnipeg Jets,Dallas Stars,Winnipeg Jets,4,1
09/11/2024,Florida Panthers,Philadelphia Flyers,Florida Panthers,4,3
10/11/2024,Boston Bruins,Ottawa Senators,Ottawa Senators,2,3
10/11/2024,Toronto Maple Leafs,Montréal Canadiens,Toronto Maple Leafs,4,1
10/11/2024,Detroit Red Wings,New York Rangers,New York Rangers,0,4
10/11/2024,St. Louis Blues,Washington Capitals,Washington Capitals,1,8
10/11/2024,New York Islanders,New Jersey Devils,New Jersey Devils,3,4
10/11/2024,Nashville Predators,Utah Hockey Club,Nashville Predators,4,0
10/11/2024,Colorado Avalanche,Carolina Hurricanes,Colorado Avalanche,6,4
10/11/2024,Los Angeles Kings,Columbus Blue Jackets,Los Angeles Kings,5,2
10/11/2024,Vancouver Canucks,Edmonton Oilers,Edmonton Oilers,3,7
11/11/2024,New Jersey Devils,San Jose Sharks,San Jose Sharks,0,1
11/11/2024,Chicago Blackhawks,Minnesota Wild,Chicago Blackhawks,2,1
11/11/2024,Anaheim Ducks,Columbus Blue Jackets,Anaheim Ducks,4,2
11/11/2024,Buffalo Sabres,Montréal Canadiens,Montréal Canadiens,5,7
12/11/2024,Philadelphia Flyers,San Jose Sharks,Philadelphia Flyers,4,3
12/11/2024,Pittsburgh Penguins,Dallas Stars,Dallas Stars,1,7
12/11/2024,Calgary Flames,Los Angeles Kings,Calgary Flames,3,1
12/11/2024,Colorado Avalanche,Nashville Predators,Colorado Avalanche,3,2
12/11/2024,Vegas Golden Knights,Carolina Hurricanes,Carolina Hurricanes,2,5
13/11/2024,Toronto Maple Leafs,Ottawa Senators,Ottawa Senators,0,3
13/11/2024,New York Rangers,Winnipeg Jets,Winnipeg Jets,3,6
13/11/2024,Florida Panthers,New Jersey Devils,New Jersey Devils,1,4
13/11/2024,St. Louis Blues,Boston Bruins,Boston Bruins,2,3
13/11/2024,Edmonton Oilers,New York Islanders,Edmonton Oilers,4,3
13/11/2024,Vancouver Canucks,Calgary Flames,Vancouver Canucks,3,1
13/11/2024,Seattle Kraken,Columbus Blue Jackets,Seattle Kraken,5,2
14/11/2024,Pittsburgh Penguins,Detroit Red Wings,Detroit Red Wings,2,3
14/11/2024,Washington Capitals,Toronto Maple Leafs,Toronto Maple Leafs,3,4
14/11/2024,Utah Hockey Club,Carolina Hurricanes,Utah Hockey Club,4,1
14/11/2024,Colorado Avalanche,Los Angeles Kings,Colorado Avalanche,4,2
14/11/2024,Anaheim Ducks,Vegas Golden Knights,Vegas Golden Knights,2,3
15/11/2024,Ottawa Senators,Philadelphia Flyers,Philadelphia Flyers,4,5
15/11/2024,Tampa Bay Lightning,Winnipeg Jets,Tampa Bay Lightning,4,1
15/11/2024,Florida Panthers,New Jersey Devils,New Jersey Devils,2,6
15/11/2024,New York Rangers,San Jose Sharks,New York Rangers,3,2
15/11/2024,Buffalo Sabres,St. Louis Blues,Buffalo Sabres,4,3
15/11/2024,Dallas Stars,Boston Bruins,Dallas Stars,7,2
15/11/2024,Minnesota Wild,Montréal Canadiens,Minnesota Wild,3,0
15/11/2024,Edmonton Oilers,Nashville Predators,Edmonton Oilers,3,2
15/11/2024,Vancouver Canucks,New York Islanders,New York Islanders,2,5
15/11/2024,Seattle Kraken,Chicago Blackhawks,Seattle Kraken,3,1
16/11/2024,Columbus Blue Jackets,Pittsburgh Penguins,Columbus Blue Jackets,6,2
16/11/2024,Colorado Avalanche,Washington Capitals,Washington Capitals,2,5
16/11/2024,Calgary Flames,Nashville Predators,Calgary Flames,2,0
16/11/2024,Utah Hockey Club,Vegas Golden Knights,Vegas Golden Knights,2,4
16/11/2024,Anaheim Ducks,Detroit Red Wings,Anaheim Ducks,6,4
16/11/2024,Boston Bruins,St. Louis Blues,St. Louis Blues,2,3
16/11/2024,Seattle Kraken,New York Islanders,Seattle Kraken,3,2
17/11/2024,Toronto Maple Leafs,Edmonton Oilers,Toronto Maple Leafs,4,3
17/11/2024,Montréal Canadiens,Columbus Blue Jackets,Montréal Canadiens,5,1
17/11/2024,Tampa Bay Lightning,New Jersey Devils,Tampa Bay Lightning,4,0
17/11/2024,Florida Panthers,Winnipeg Jets,Florida Panthers,5,0
17/11/2024,Philadelphia Flyers,Buffalo Sabres,Philadelphia Flyers,5,2
17/11/2024,Pittsburgh Penguins,San Jose Sharks,Pittsburgh Penguins,4,3
17/11/2024,Carolina Hurricanes,Ottawa Senators,Carolina Hurricanes,4,0
17/11/2024,Minnesota Wild,Dallas Stars,Dallas Stars,1,2
17/11/2024,Los Angeles Kings,Detroit Red Wings,Los Angeles Kings,4,1
17/11/2024,Vancouver Canucks,Chicago Blackhawks,Vancouver Canucks,4,1
17/11/2024,Carolina Hurricanes,St. Louis Blues,Carolina Hurricanes,4,1
18/11/2024,Vegas Golden Knights,Washington Capitals,Washington Capitals,2,5
18/11/2024,Seattle Kraken,New York Rangers,New York Rangers,0,2
18/11/2024,Vancouver Canucks,Nashville Predators,Nashville Predators,3,5
19/11/2024,Boston Bruins,Columbus Blue Jackets,Columbus Blue Jackets,1,5
19/11/2024,Philadelphia Flyers,Colorado Avalanche,Colorado Avalanche,2,3
19/11/2024,Montréal Canadiens,Edmonton Oilers,Montréal Canadiens,3,0
19/11/2024,Dallas Stars,Anaheim Ducks,Anaheim Ducks,2,4
19/11/2024,Utah Hockey Club,Washington Capitals,Washington Capitals,2,6
19/11/2024,San Jose Sharks,Detroit Red Wings,San Jose Sharks,5,4
20/11/2024,Ottawa Senators,Edmonton Oilers,Edmonton Oilers,2,5
20/11/2024,Pittsburgh Penguins,Tampa Bay Lightning,Tampa Bay Lightning,2,3
20/11/2024,St. Louis Blues,Minnesota Wild,Minnesota Wild,2,4
20/11/2024,Winnipeg Jets,Florida Panthers,Winnipeg Jets,6,3
20/11/2024,Chicago Blackhawks,Anaheim Ducks,Anaheim Ducks,2,3
20/11/2024,Calgary Flames,New York Islanders,Calgary Flames,2,1
20/11/2024,Vancouver Canucks,New York Rangers,New York Rangers,3,4
21/11/2024,Toronto Maple Leafs,Vegas Golden Knights,Toronto Maple Leafs,3,0
21/11/2024,Philadelphia Flyers,Carolina Hurricanes,Carolina Hurricanes,1,4
21/11/2024,Dallas Stars,San Jose Sharks,Dallas Stars,5,2
21/11/2024,Seattle Kraken,Nashville Predators,Seattle Kraken,3,0
21/11/2024,Los Angeles Kings,Buffalo Sabres,Buffalo Sabres,0,1
22/11/2024,Boston Bruins,Utah Hockey Club,Boston Bruins,1,0
22/11/2024,Ottawa Senators,Vegas Golden Knights,Vegas Golden Knights,2,3
22/11/2024,Detroit Red Wings,New York Islanders,Detroit Red Wings,2,1
22/11/2024,New Jersey Devils,Carolina Hurricanes,New Jersey Devils,4,2
22/11/2024,Washington Capitals,Colorado Avalanche,Colorado Avalanche,1,2
22/11/2024,Columbus Blue Jackets,Tampa Bay Lightning,Columbus Blue Jackets,7,6
22/11/2024,St. Louis Blues,San Jose Sharks,St. Louis Blues,3,2
22/11/2024,Chicago Blackhawks,Florida Panthers,Chicago Blackhawks,3,1
22/11/2024,Calgary Flames,New York Rangers,Calgary Flames,3,2
22/11/2024,Edmonton Oilers,Minnesota Wild,Minnesota Wild,3,5
23/11/2024,Pittsburgh Penguins,Winnipeg Jets,Winnipeg Jets,1,4
23/11/2024,Anaheim Ducks,Buffalo Sabres,Buffalo Sabres,2,3
23/11/2024,Philadelphia Flyers,Chicago Blackhawks,Philadelphia Flyers,3,2
23/11/2024,Calgary Flames,Minnesota Wild,Calgary Flames,4,3
23/11/2024,Los Angeles Kings,Seattle Kraken,Los Angeles Kings,2,1
23/11/2024,Florida Panthers,Colorado Avalanche,Colorado Avalanche,4,7
24/11/2024,Montréal Canadiens,Vegas Golden Knights,Vegas Golden Knights,2,6
24/11/2024,Ottawa Senators,Vancouver Canucks,Vancouver Canucks,3,4
24/11/2024,Detroit Red Wings,Boston Bruins,Boston Bruins,1,2
24/11/2024,Tampa Bay Lightning,Dallas Stars,Dallas Stars,2,4
24/11/2024,Pittsburgh Penguins,Utah Hockey Club,Utah Hockey Club,1,6
24/11/2024,Washington Capitals,New Jersey Devils,New Jersey Devils,2,3
24/11/2024,Columbus Blue Jackets,Carolina Hurricanes,Columbus Blue Jackets,5,4
24/11/2024,Nashville Predators,Winnipeg Jets,Nashville Predators,4,1
24/11/2024,New York Islanders,St. Louis Blues,New York Islanders,3,1
24/11/2024,San Jose Sharks,Buffalo Sabres,Buffalo Sabres,2,4
24/11/2024,Edmonton Oilers,New York Rangers,Edmonton Oilers,6,2
25/11/2024,Toronto Maple Leafs,Utah Hockey Club,Toronto Maple Leafs,3,2
26/11/2024,Tampa Bay Lightning,Colorado Avalanche,Tampa Bay Lightning,8,2
26/11/2024,Florida Panthers,Washington Capitals,Washington Capitals,1,4
26/11/2024,New Jersey Devils,Nashville Predators,New Jersey Devils,5,2
26/11/2024,New York Rangers,St. Louis Blues,St. Louis Blues,2,5
26/11/2024,Philadelphia Flyers,Vegas Golden Knights,Vegas Golden Knights,4,5
26/11/2024,Carolina Hurricanes,Dallas Stars,Carolina Hurricanes,6,4
26/11/2024,Ottawa Senators,Calgary Flames,Ottawa Senators,4,3
26/11/2024,New York Islanders,Detroit Red Wings,Detroit Red Wings,2,4
26/11/2024,Minnesota Wild,Winnipeg Jets,Winnipeg Jets,1,4
26/11/2024,Anaheim Ducks,Seattle Kraken,Seattle Kraken,2,3
26/11/2024,San Jose Sharks,Los Angeles Kings,San Jose Sharks,7,2
27/11/2024,Boston Bruins,Vancouver Canucks,Vancouver Canucks,0,2
27/11/2024,Montréal Canadiens,Utah Hockey Club,Utah Hockey Club,2,3
28/11/2024,Buffalo Sabres,Minnesota Wild,Minnesota Wild,0,1
28/11/2024,New Jersey Devils,St. Louis Blues,St. Louis Blues,0,3
28/11/2024,Carolina Hurricanes,New York Rangers,Carolina Hurricanes,4,3
28/11/2024,Detroit Red Wings,Calgary Flames,Detroit Red Wings,2,1
28/11/2024,Tampa Bay Lightning,Washington Capitals,Washington Capitals,4,5
28/11/2024,Florida Panthers,Toronto Maple Leafs,Florida Panthers,5,1
28/11/2024,New York Islanders,Boston Bruins,Boston Bruins,3,6
28/11/2024,Pittsburgh Penguins,Vancouver Canucks,Pittsburgh Penguins,5,4
28/11/2024,Columbus Blue Jackets,Montréal Canadiens,Montréal Canadiens,3,4
28/11/2024,Nashville Predators,Philadelphia Flyers,Philadelphia Flyers,2,3
28/11/2024,Chicago Blackhawks,Dallas Stars,Chicago Blackhawks,6,2
28/11/2024,Colorado Avalanche,Vegas Golden Knights,Colorado Avalanche,2,1
28/11/2024,Los Angeles Kings,Winnipeg Jets,Los Angeles Kings,4,1
28/11/2024,Seattle Kraken,Anaheim Ducks,Anaheim Ducks,2,5
28/11/2024,San Jose Sharks,Ottawa Senators,Ottawa Senators,3,4
29/11/2024,Philadelphia Flyers,New York Rangers,Philadelphia Flyers,3,1
29/11/2024,Minnesota Wild,Chicago Blackhawks,Minnesota Wild,3,2
29/11/2024,Buffalo Sabres,Vancouver Canucks,Vancouver Canucks,3,4
29/11/2024,Detroit Red Wings,New Jersey Devils,New Jersey Devils,4,5
29/11/2024,Washington Capitals,New York Islanders,Washington Capitals,5,4
29/11/2024,Carolina Hurricanes,Florida Panthers,Florida Panthers,3,6
29/11/2024,Columbus Blue Jackets,Calgary Flames,Columbus Blue Jackets,5,2
29/11/2024,Nashville Predators,Tampa Bay Lightning,Tampa Bay Lightning,2,3
29/11/2024,Anaheim Ducks,Los Angeles Kings,Los Angeles Kings,1,2
29/11/2024,San Jose Sharks,Seattle Kraken,San Jose Sharks,8,5
29/11/2024,Boston Bruins,Pittsburgh Penguins,Pittsburgh Penguins,1,2
30/11/2024,Vegas Golden Knights,Winnipeg Jets,Vegas Golden Knights,4,3
30/11/2024,Dallas Stars,Colorado Avalanche,Dallas Stars,5,3
30/11/2024,Utah Hockey Club,Edmonton Oilers,Edmonton Oilers,3,4
30/11/2024,New York Rangers,Montréal Canadiens,New York Rangers,4,3
30/11/2024,Florida Panthers,Carolina Hurricanes,Florida Panthers,6,0
01/12/2024,Tampa Bay Lightning,Toronto Maple Leafs,Toronto Maple Leafs,3,5
01/12/2024,New Jersey Devils,Washington Capitals,Washington Capitals,5,6
01/12/2024,Pittsburgh Penguins,Calgary Flames,Pittsburgh Penguins,6,2
01/12/2024,St. Louis Blues,Philadelphia Flyers,Philadelphia Flyers,2,3
01/12/2024,Los Angeles Kings,Ottawa Senators,Los Angeles Kings,5,2
01/12/2024,New York Islanders,Buffalo Sabres,New York Islanders,3,0
01/12/2024,Minnesota Wild,Nashville Predators,Minnesota Wild,3,2
01/12/2024,Colorado Avalanche,Edmonton Oilers,Edmonton Oilers,1,4
01/12/2024,Vegas Golden Knights,Utah Hockey Club,Utah Hockey Club,0,6
01/12/2024,Seattle Kraken,San Jose Sharks,San Jose Sharks,2,4
01/12/2024,Detroit Red Wings,Vancouver Canucks,Vancouver Canucks,4,5
01/12/2024,Boston Bruins,Montréal Canadiens,Boston Bruins,6,3
01/12/2024,Chicago Blackhawks,Columbus Blue Jackets,Columbus Blue Jackets,3,6
01/12/2024,Dallas Stars,Winnipeg Jets,Dallas Stars,3,1
02/12/2024,Anaheim Ducks,Ottawa Senators,Anaheim Ducks,4,3
03/12/2024,New York Rangers,New Jersey Devils,New Jersey Devils,1,5
03/12/2024,Toronto Maple Leafs,Chicago Blackhawks,Toronto Maple Leafs,4,1
03/12/2024,Utah Hockey Club,Dallas Stars,Dallas Stars,1,2
04/12/2024,Boston Bruins,Detroit Red Wings,Boston Bruins,3,2
04/12/2024,Buffalo Sabres,Colorado Avalanche,Colorado Avalanche,4,5
04/12/2024,Montréal Canadiens,New York Islanders,Montréal Canadiens,2,1
04/12/2024,Pittsburgh Penguins,Florida Panthers,Pittsburgh Penguins,5,4
04/12/2024,Washington Capitals,San Jose Sharks,San Jose Sharks,1,2
04/12/2024,Carolina Hurricanes,Seattle Kraken,Seattle Kraken,2,4
04/12/2024,Minnesota Wild,Vancouver Canucks,Minnesota Wild,3,2
04/12/2024,Winnipeg Jets,St. Louis Blues,St. Louis Blues,1,4
04/12/2024,Calgary Flames,Columbus Blue Jackets,Calgary Flames,3,0
04/12/2024,Vegas Golden Knights,Edmonton Oilers,Vegas Golden Knights,1,0
05/12/2024,Toronto Maple Leafs,Nashville Predators,Toronto Maple Leafs,3,2
05/12/2024,Chicago Blackhawks,Boston Bruins,Boston Bruins,2,4
05/12/2024,Anaheim Ducks,Vegas Golden Knights,Vegas Golden Knights,1,4
05/12/2024,Los Angeles Kings,Dallas Stars,Los Angeles Kings,3,2
06/12/2024,Buffalo Sabres,Winnipeg Jets,Winnipeg Jets,2,3
06/12/2024,Montréal Canadiens,Nashville Predators,Montréal Canadiens,3,0
06/12/2024,Ottawa Senators,Detroit Red Wings,Ottawa Senators,2,1
06/12/2024,Tampa Bay Lightning,San Jose Sharks,Tampa Bay Lightning,8,1
06/12/2024,Philadelphia Flyers,Florida Panthers,Florida Panthers,5,7
06/12/2024,Carolina Hurricanes,Colorado Avalanche,Carolina Hurricanes,5,3
06/12/2024,New York Islanders,Seattle Kraken,Seattle Kraken,2,5
06/12/2024,Calgary Flames,St. Louis Blues,St. Louis Blues,3,4
06/12/2024,Edmonton Oilers,Columbus Blue Jackets,Edmonton Oilers,6,3
07/12/2024,Toronto Maple Leafs,Washington Capitals,Washington Capitals,1,3
07/12/2024,New Jersey Devils,Seattle Kraken,New Jersey Devils,3,2
07/12/2024,New York Rangers,Pittsburgh Penguins,New York Rangers,4,2
07/12/2024,Vancouver Canucks,Columbus Blue Jackets,Vancouver Canucks,5,2
07/12/2024,Vegas Golden Knights,Dallas Stars,Vegas Golden Knights,3,2
07/12/2024,Anaheim Ducks,Minnesota Wild,Minnesota Wild,1,5
07/12/2024,Boston Bruins,Philadelphia Flyers,Boston Bruins,4,3
07/12/2024,Buffalo Sabres,Utah Hockey Club,Utah Hockey Club,2,5
07/12/2024,Chicago Blackhawks,Winnipeg Jets,Winnipeg Jets,2,4
07/12/2024,New York Islanders,Carolina Hurricanes,New York Islanders,4,3
07/12/2024,Florida Panthers,San Jose Sharks,Florida Panthers,3,1
08/12/2024,Montréal Canadiens,Washington Capitals,Washington Capitals,2,4
08/12/2024,Ottawa Senators,Nashville Predators,Ottawa Senators,3,1
08/12/2024,Detroit Red Wings,Colorado Avalanche,Colorado Avalanche,1,2
08/12/2024,Pittsburgh Penguins,Toronto Maple Leafs,Pittsburgh Penguins,5,2
08/12/2024,Los Angeles Kings,Minnesota Wild,Los Angeles Kings,4,1
08/12/2024,Edmonton Oilers,St. Louis Blues,Edmonton Oilers,4,2
08/12/2024,New York Rangers,Seattle Kraken,Seattle Kraken,5,7
08/12/2024,Vancouver Canucks,Tampa Bay Lightning,Tampa Bay Lightning,2,4
08/12/2024,Ottawa Senators,New York Islanders,New York Islanders,2,4
08/12/2024,Winnipeg Jets,Columbus Blue Jackets,Columbus Blue Jackets,1,4
09/12/2024,New Jersey Devils,Colorado Avalanche,Colorado Avalanche,0,4
09/12/2024,Philadelphia Flyers,Utah Hockey Club,Utah Hockey Club,2,4
09/12/2024,Dallas Stars,Calgary Flames,Dallas Stars,6,2
10/12/2024,Buffalo Sabres,Detroit Red Wings,Detroit Red Wings,5,6
10/12/2024,New York Rangers,Chicago Blackhawks,Chicago Blackhawks,1,2
10/12/2024,Montréal Canadiens,Anaheim Ducks,Montréal Canadiens,3,2
11/12/2024,New Jersey Devils,Toronto Maple Leafs,Toronto Maple Leafs,1,2
11/12/2024,Pittsburgh Penguins,Colorado Avalanche,Colorado Avalanche,2,6
11/12/2024,Carolina Hurricanes,San Jose Sharks,Carolina Hurricanes,3,2
11/12/2024,Columbus Blue Jackets,Philadelphia Flyers,Philadelphia Flyers,3,5
11/12/2024,New York Islanders,Los Angeles Kings,Los Angeles Kings,1,3
11/12/2024,Nashville Predators,Calgary Flames,Calgary Flames,3,4
11/12/2024,Winnipeg Jets,Boston Bruins,Winnipeg Jets,8,1
11/12/2024,Edmonton Oilers,Tampa Bay Lightning,Edmonton Oilers,2,1
11/12/2024,Utah Hockey Club,Minnesota Wild,Minnesota Wild,4,5
11/12/2024,Vancouver Canucks,St. Louis Blues,St. Louis Blues,3,4
11/12/2024,Seattle Kraken,Florida Panthers,Florida Panthers,1,2
12/12/2024,Buffalo Sabres,New York Rangers,New York Rangers,2,3
12/12/2024,Ottawa Senators,Anaheim Ducks,Ottawa Senators,5,1
13/12/2024,Toronto Maple Leafs,Anaheim Ducks,Toronto Maple Leafs,3,2
13/12/2024,Montréal Canadiens,Pittsburgh Penguins,Pittsburgh Penguins,2,9
13/12/2024,New Jersey Devils,Los Angeles Kings,New Jersey Devils,3,1
13/12/2024,Philadelphia Flyers,Detroit Red Wings,Philadelphia Flyers,4,1
13/12/2024,Columbus Blue Jackets,Washington Capitals,Washington Capitals,1,2
13/12/2024,New York Islanders,Chicago Blackhawks,New York Islanders,5,4
13/12/2024,St. Louis Blues,San Jose Sharks,San Jose Sharks,3,4
13/12/2024,Dallas Stars,Nashville Predators,Nashville Predators,1,4
13/12/2024,Winnipeg Jets,Vegas Golden Knights,Vegas Golden Knights,2,3
13/12/2024,Minnesota Wild,Edmonton Oilers,Edmonton Oilers,1,7
13/12/2024,Colorado Avalanche,Utah Hockey Club,Utah Hockey Club,1,4
13/12/2024,Calgary Flames,Tampa Bay Lightning,Tampa Bay Lightning,3,8
13/12/2024,Vancouver Canucks,Florida Panthers,Vancouver Canucks,4,0
13/12/2024,Seattle Kraken,Boston Bruins,Seattle Kraken,5,1
14/12/2024,Carolina Hurricanes,Ottawa Senators,Ottawa Senators,0,3
14/12/2024,New Jersey Devils,Chicago Blackhawks,New Jersey Devils,4,1
14/12/2024,New York Rangers,Los Angeles Kings,Los Angeles Kings,1,5
14/12/2024,Minnesota Wild,Philadelphia Flyers,Minnesota Wild,4,1
14/12/2024,Edmonton Oilers,Vegas Golden Knights,Edmonton Oilers,6,3
15/12/2024,Ottawa Senators,Pittsburgh Penguins,Ottawa Senators,3,2
15/12/2024,Detroit Red Wings,Toronto Maple Leafs,Detroit Red Wings,4,2
15/12/2024,Washington Capitals,Buffalo Sabres,Washington Capitals,4,2
15/12/2024,Columbus Blue Jackets,Anaheim Ducks,Anaheim Ducks,3,4
15/12/2024,Winnipeg Jets,Montréal Canadiens,Winnipeg Jets,4,2
15/12/2024,Dallas Stars,St. Louis Blues,Dallas Stars,2,1
15/12/2024,Colorado Avalanche,Nashville Predators,Colorado Avalanche,5,2
15/12/2024,Calgary Flames,Florida Panthers,Calgary Flames,3,0
15/12/2024,Vancouver Canucks,Boston Bruins,Boston Bruins,1,5
15/12/2024,San Jose Sharks,Utah Hockey Club,Utah Hockey Club,3,4
15/12/2024,Seattle Kraken,Tampa Bay Lightning,Tampa Bay Lightning,1,5
15/12/2024,Chicago Blackhawks,New York Islanders,Chicago Blackhawks,5,3
15/12/2024,Toronto Maple Leafs,Buffalo Sabres,Toronto Maple Leafs,5,3
15/12/2024,Carolina Hurricanes,Columbus Blue Jackets,Carolina Hurricanes,4,1
15/12/2024,St. Louis Blues,New York Rangers,St. Louis Blues,3,2
15/12/2024,Minnesota Wild,Vegas Golden Knights,Vegas Golden Knights,2,3
17/12/2024,Dallas Stars,Washington Capitals,Dallas Stars,3,1
17/12/2024,Edmonton Oilers,Florida Panthers,Florida Panthers,5,6
17/12/2024,Vancouver Canucks,Colorado Avalanche,Vancouver Canucks,3,1
18/12/2024,Montréal Canadiens,Buffalo Sabres,Montréal Canadiens,6,1
18/12/2024,Tampa Bay Lightning,Columbus Blue Jackets,Tampa Bay Lightning,5,3
18/12/2024,Pittsburgh Penguins,Los Angeles Kings,Pittsburgh Penguins,3,2
18/12/2024,Carolina Hurricanes,New York Islanders,Carolina Hurricanes,4,0
18/12/2024,St. Louis Blues,New Jersey Devils,New Jersey Devils,1,4
18/12/2024,Nashville Predators,New York Rangers,Nashville Predators,2,0
18/12/2024,Chicago Blackhawks,Washington Capitals,Chicago Blackhawks,3,2
18/12/2024,Calgary Flames,Boston Bruins,Boston Bruins,3,4
18/12/2024,Seattle Kraken,Ottawa Senators,Ottawa Senators,0,3
18/12/2024,San Jose Sharks,Winnipeg Jets,Winnipeg Jets,3,4
19/12/2024,Detroit Red Wings,Philadelphia Flyers,Detroit Red Wings,6,4
19/12/2024,Dallas Stars,Toronto Maple Leafs,Toronto Maple Leafs,3,5
19/12/2024,Minnesota Wild,Florida Panthers,Florida Panthers,1,6
19/12/2024,Utah Hockey Club,Vancouver Canucks,Utah Hockey Club,3,2
19/12/2024,Anaheim Ducks,Winnipeg Jets,Anaheim Ducks,3,2
20/12/2024,Tampa Bay Lightning,St. Louis Blues,Tampa Bay Lightning,3,1
20/12/2024,Columbus Blue Jackets,New Jersey Devils,Columbus Blue Jackets,4,2
20/12/2024,Philadelphia Flyers,Los Angeles Kings,Los Angeles Kings,3,7
20/12/2024,Nashville Predators,Pittsburgh Penguins,Pittsburgh Penguins,4,5
20/12/2024,Chicago Blackhawks,Seattle Kraken,Chicago Blackhawks,3,1
20/12/2024,Calgary Flames,Ottawa Senators,Ottawa Senators,2,3
20/12/2024,Edmonton Oilers,Boston Bruins,Edmonton Oilers,3,2
20/12/2024,Vegas Golden Knights,Vancouver Canucks,Vegas Golden Knights,3,1
20/12/2024,San Jose Sharks,Colorado Avalanche,Colorado Avalanche,2,4
21/12/2024,Buffalo Sabres,Toronto Maple Leafs,Toronto Maple Leafs,3,6
21/12/2024,Detroit Red Wings,Montréal Canadiens,Montréal Canadiens,3,4
21/12/2024,Florida Panthers,St. Louis Blues,Florida Panthers,2,1
21/12/2024,Washington Capitals,Carolina Hurricanes,Washington Capitals,3,1
21/12/2024,Dallas Stars,New York Rangers,New York Rangers,1,3
21/12/2024,Minnesota Wild,Utah Hockey Club,Utah Hockey Club,1,2
21/12/2024,Anaheim Ducks,Colorado Avalanche,Colorado Avalanche,2,4
21/12/2024,Nashville Predators,Los Angeles Kings,Nashville Predators,3,2
21/12/2024,Calgary Flames,Chicago Blackhawks,Calgary Flames,6,4
21/12/2024,Edmonton Oilers,San Jose Sharks,Edmonton Oilers,3,2
22/12/2024,Boston Bruins,Buffalo Sabres,Boston Bruins,3,1
22/12/2024,Toronto Maple Leafs,New York Islanders,New York Islanders,3,6
22/12/2024,Montréal Canadiens,Detroit Red Wings,Montréal Canadiens,5,1
22/12/2024,New Jersey Devils,Pittsburgh Penguins,New Jersey Devils,3,0
22/12/2024,Philadelphia Flyers,Columbus Blue Jackets,Philadelphia Flyers,5,4
22/12/2024,Winnipeg Jets,Minnesota Wild,Winnipeg Jets,5,0
22/12/2024,Vancouver Canucks,Ottawa Senators,Ottawa Senators,4,5
22/12/2024,Vegas Golden Knights,Seattle Kraken,Vegas Golden Knights,6,2
22/12/2024,New York Rangers,Carolina Hurricanes,Carolina Hurricanes,1,3
22/12/2024,Tampa Bay Lightning,Florida Panthers,Florida Panthers,2,4
22/12/2024,Washington Capitals,Los Angeles Kings,Washington Capitals,3,1
22/12/2024,Utah Hockey Club,Anaheim Ducks,Anaheim Ducks,4,5
23/12/2024,Colorado Avalanche,Seattle Kraken,Colorado Avalanche,5,2
23/12/2024,Edmonton Oilers,Ottawa Senators,Edmonton Oilers,3,1
23/12/2024,New Jersey Devils,New York Rangers,New Jersey Devils,5,0
23/12/2024,Toronto Maple Leafs,Winnipeg Jets,Winnipeg Jets,2,5
24/12/2024,Boston Bruins,Washington Capitals,Boston Bruins,4,1
24/12/2024,Detroit Red Wings,St. Louis Blues,St. Louis Blues,0,4
24/12/2024,Florida Panthers,Tampa Bay Lightning,Tampa Bay Lightning,0,4
24/12/2024,Pittsburgh Penguins,Philadelphia Flyers,Pittsburgh Penguins,7,3
24/12/2024,Columbus Blue Jackets,Montréal Canadiens,Columbus Blue Jackets,5,4
24/12/2024,New York Islanders,Buffalo Sabres,Buffalo Sabres,1,7
24/12/2024,Nashville Predators,Carolina Hurricanes,Nashville Predators,5,2
24/12/2024,Minnesota Wild,Chicago Blackhawks,Minnesota Wild,4,3
24/12/2024,Vancouver Canucks,San Jose Sharks,Vancouver Canucks,4,3
24/12/2024,Utah Hockey Club,Dallas Stars,Dallas Stars,2,3
24/12/2024,Vegas Golden Knights,Anaheim Ducks,Vegas Golden Knights,3,1
28/12/2024,Buffalo Sabres,Chicago Blackhawks,Buffalo Sabres,6,2
28/12/2024,Detroit Red Wings,Toronto Maple Leafs,Toronto Maple Leafs,2,5
28/12/2024,New Jersey Devils,Carolina Hurricanes,New Jersey Devils,4,2
28/12/2024,Columbus Blue Jackets,Boston Bruins,Columbus Blue Jackets,6,2
28/12/2024,St. Louis Blues,Nashville Predators,St. Louis Blues,7,4
28/12/2024,Dallas Stars,Minnesota Wild,Minnesota Wild,2,3
28/12/2024,Utah Hockey Club,Colorado Avalanche,Colorado Avalanche,1,4
28/12/2024,San Jose Sharks,Vegas Golden Knights,Vegas Golden Knights,3,6
28/12/2024,Florida Panthers,Montréal Canadiens,Montréal Canadiens,0,4
28/12/2024,Vancouver Canucks,Seattle Kraken,Seattle Kraken,4,5
28/12/2024,Anaheim Ducks,Philadelphia Flyers,Philadelphia Flyers,1,3
28/12/2024,Los Angeles Kings,Edmonton Oilers,Los Angeles Kings,4,3
29/12/2024,Boston Bruins,Columbus Blue Jackets,Boston Bruins,4,0
29/12/2024,Toronto Maple Leafs,Washington Capitals,Washington Capitals,2,5
29/12/2024,Tampa Bay Lightning,New York Rangers,Tampa Bay Lightning,6,2
29/12/2024,Carolina Hurricanes,New Jersey Devils,Carolina Hurricanes,5,2
29/12/2024,Winnipeg Jets,Ottawa Senators,Winnipeg Jets,4,2
29/12/2024,New York Islanders,Pittsburgh Penguins,New York Islanders,6,3
29/12/2024,San Jose Sharks,Calgary Flames,Calgary Flames,1,3
29/12/2024,St. Louis Blues,Buffalo Sabres,Buffalo Sabres,2,4
29/12/2024,Anaheim Ducks,Edmonton Oilers,Anaheim Ducks,5,3
29/12/2024,Detroit Red Wings,Washington Capitals,Detroit Red Wings,4,2
29/12/2024,Tampa Bay Lightning,Montréal Canadiens,Montréal Canadiens,2,5
29/12/2024,Pittsburgh Penguins,New York Islanders,Pittsburgh Penguins,3,2
30/12/2024,Minnesota Wild,Ottawa Senators,Ottawa Senators,1,3
30/12/2024,Vegas Golden Knights,Calgary Flames,Vegas Golden Knights,3,0
30/12/2024,Chicago Blackhawks,Dallas Stars,Dallas Stars,1,5
30/12/2024,Los Angeles Kings,Philadelphia Flyers,Los Angeles Kings,5,4
31/12/2024,Florida Panthers,New York Rangers,Florida Panthers,5,3
31/12/2024,Winnipeg Jets,Nashville Predators,Winnipeg Jets,3,0
31/12/2024,Seattle Kraken,Utah Hockey Club,Seattle Kraken,5,2
31/12/2024,Washington Capitals,Boston Bruins,Washington Capitals,3,1
31/12/2024,Toronto Maple Leafs,New York Islanders,Toronto Maple Leafs,3,1
31/12/2024,Vegas Golden Knights,Montréal Canadiens,Montréal Canadiens,2,3
31/12/2024,Chicago Blackhawks,St. Louis Blues,St. Louis Blues,2,6
01/01/2025,Detroit Red Wings,Pittsburgh Penguins,Detroit Red Wings,4,2
01/01/2025,Columbus Blue Jackets,Carolina Hurricanes,Columbus Blue Jackets,4,3
01/01/2025,Dallas Stars,Buffalo Sabres,Dallas Stars,4,2
01/01/2025,Minnesota Wild,Nashville Predators,Minnesota Wild,5,3
01/01/2025,Colorado Avalanche,Winnipeg Jets,Colorado Avalanche,5,2
01/01/2025,Anaheim Ducks,New Jersey Devils,Anaheim Ducks,3,2
01/01/2025,San Jose Sharks,Philadelphia Flyers,Philadelphia Flyers,0,4
01/01/2025,Calgary Flames,Vancouver Canucks,Calgary Flames,3,1
01/01/2025,Edmonton Oilers,Utah Hockey Club,Edmonton Oilers,4,1
01/01/2025,Los Angeles Kings,New Jersey Devils,Los Angeles Kings,3,0
03/01/2025,Florida Panthers,Carolina Hurricanes,Carolina Hurricanes,1,3
03/01/2025,New York Rangers,Boston Bruins,New York Rangers,2,1
03/01/2025,Washington Capitals,Minnesota Wild,Minnesota Wild,3,4
03/01/2025,Columbus Blue Jackets,Detroit Red Wings,Detroit Red Wings,4,5
03/01/2025,New York Islanders,Toronto Maple Leafs,Toronto Maple Leafs,1,2
03/01/2025,Dallas Stars,Ottawa Senators,Dallas Stars,4,2
03/01/2025,Winnipeg Jets,Anaheim Ducks,Anaheim Ducks,3,4
03/01/2025,Colorado Avalanche,Buffalo Sabres,Colorado Avalanche,6,5
03/01/2025,Calgary Flames,Utah Hockey Club,Utah Hockey Club,3,5
03/01/2025,Vegas Golden Knights,Philadelphia Flyers,Vegas Golden Knights,5,2
03/01/2025,Seattle Kraken,Vancouver Canucks,Vancouver Canucks,3,4
03/01/2025,San Jose Sharks,Tampa Bay Lightning,San Jose Sharks,2,1
04/01/2025,Florida Panthers,Pittsburgh Penguins,Florida Panthers,3,2
04/01/2025,Chicago Blackhawks,Montréal Canadiens,Chicago Blackhawks,4,2
04/01/2025,St. Louis Blues,Ottawa Senators,St. Louis Blues,4,0
04/01/2025,Edmonton Oilers,Anaheim Ducks,Edmonton Oilers,3,2
04/01/2025,Vancouver Canucks,Nashville Predators,Nashville Predators,0,3
04/01/2025,Washington Capitals,New York Rangers,Washington Capitals,7,4
04/01/2025,San Jose Sharks,New Jersey Devils,San Jose Sharks,3,2
05/01/2025,Winnipeg Jets,Detroit Red Wings,Detroit Red Wings,2,4
05/01/2025,Toronto Maple Leafs,Boston Bruins,Toronto Maple Leafs,6,4
05/01/2025,Carolina Hurricanes,Minnesota Wild,Minnesota Wild,0,4
05/01/2025,Columbus Blue Jackets,St. Louis Blues,Columbus Blue Jackets,6,4
05/01/2025,Colorado Avalanche,Montréal Canadiens,Montréal Canadiens,1,2
05/01/2025,Dallas Stars,Utah Hockey Club,Dallas Stars,3,2
05/01/2025,Los Angeles Kings,Tampa Bay Lightning,Los Angeles Kings,2,1
05/01/2025,Calgary Flames,Nashville Predators,Nashville Predators,1,4
05/01/2025,Vegas Golden Knights,Buffalo Sabres,Vegas Golden Knights,3,1
05/01/2025,Seattle Kraken,Edmonton Oilers,Edmonton Oilers,2,4
05/01/2025,Chicago Blackhawks,New York Rangers,New York Rangers,2,6
05/01/2025,Boston Bruins,New York Islanders,New York Islanders,4,5
05/01/2025,Carolina Hurricanes,Pittsburgh Penguins,Carolina Hurricanes,4,3
06/01/2025,Toronto Maple Leafs,Philadelphia Flyers,Toronto Maple Leafs,3,2
06/01/2025,Anaheim Ducks,Tampa Bay Lightning,Anaheim Ducks,4,1
07/01/2025,Buffalo Sabres,Washington Capitals,Buffalo Sabres,4,3
07/01/2025,Montréal Canadiens,Vancouver Canucks,Montréal Canadiens,5,4
07/01/2025,Colorado Avalanche,Florida Panthers,Colorado Avalanche,3,1
07/01/2025,Seattle Kraken,New Jersey Devils,New Jersey Devils,2,3
08/01/2025,Tampa Bay Lightning,Carolina Hurricanes,Tampa Bay Lightning,3,2
08/01/2025,Boston Bruins,Edmonton Oilers,Edmonton Oilers,0,4
08/01/2025,Detroit Red Wings,Ottawa Senators,Detroit Red Wings,3,2
08/01/2025,New York Rangers,Dallas Stars,Dallas Stars,4,5
08/01/2025,Pittsburgh Penguins,Columbus Blue Jackets,Columbus Blue Jackets,3,4
08/01/2025,Philadelphia Flyers,Toronto Maple Leafs,Toronto Maple Leafs,2,3
08/01/2025,Minnesota Wild,St. Louis Blues,Minnesota Wild,6,4
08/01/2025,Winnipeg Jets,Nashville Predators,Winnipeg Jets,5,2
08/01/2025,Anaheim Ducks,Calgary Flames,Calgary Flames,2,3
08/01/2025,San Jose Sharks,Vegas Golden Knights,Vegas Golden Knights,2,4
09/01/2025,Washington Capitals,Vancouver Canucks,Washington Capitals,2,1
09/01/2025,Chicago Blackhawks,Colorado Avalanche,Chicago Blackhawks,3,1
09/01/2025,Utah Hockey Club,Florida Panthers,Florida Panthers,1,4
10/01/2025,Ottawa Senators,Buffalo Sabres,Buffalo Sabres,0,4
10/01/2025,Tampa Bay Lightning,Boston Bruins,Tampa Bay Lightning,4,1
10/01/2025,New York Rangers,New Jersey Devils,New York Rangers,3,2
10/01/2025,Philadelphia Flyers,Dallas Stars,Dallas Stars,1,4
10/01/2025,Pittsburgh Penguins,Edmonton Oilers,Pittsburgh Penguins,5,3
10/01/2025,Columbus Blue Jackets,Seattle Kraken,Columbus Blue Jackets,6,2
10/01/2025,Carolina Hurricanes,Toronto Maple Leafs,Carolina Hurricanes,6,3
10/01/2025,St. Louis Blues,Anaheim Ducks,St. Louis Blues,6,2
10/01/2025,Minnesota Wild,Colorado Avalanche,Colorado Avalanche,1,6
10/01/2025,Vegas Golden Knights,New York Islanders,New York Islanders,0,4
11/01/2025,Detroit Red Wings,Chicago Blackhawks,Detroit Red Wings,5,3
11/01/2025,Washington Capitals,Montréal Canadiens,Montréal Canadiens,2,3
11/01/2025,Carolina Hurricanes,Vancouver Canucks,Carolina Hurricanes,2,0
11/01/2025,Winnipeg Jets,Los Angeles Kings,Los Angeles Kings,1,2
11/01/2025,Utah Hockey Club,San Jose Sharks,Utah Hockey Club,2,1
11/01/2025,Florida Panthers,Boston Bruins,Boston Bruins,3,4
11/01/2025,Buffalo Sabres,Seattle Kraken,Seattle Kraken,2,6
11/01/2025,Pittsburgh Penguins,Ottawa Senators,Ottawa Senators,0,5
12/01/2025,Toronto Maple Leafs,Vancouver Canucks,Vancouver Canucks,0,3
12/01/2025,Montréal Canadiens,Dallas Stars,Dallas Stars,1,2
12/01/2025,New Jersey Devils,Tampa Bay Lightning,New Jersey Devils,3,2
12/01/2025,Philadelphia Flyers,Anaheim Ducks,Philadelphia Flyers,6,0
12/01/2025,Chicago Blackhawks,Edmonton Oilers,Edmonton Oilers,3,4
12/01/2025,St. Louis Blues,Columbus Blue Jackets,Columbus Blue Jackets,1,2
12/01/2025,Winnipeg Jets,Colorado Avalanche,Winnipeg Jets,3,0
12/01/2025,Nashville Predators,Washington Capitals,Washington Capitals,1,4
12/01/2025,Utah Hockey Club,New York Islanders,New York Islanders,1,2
12/01/2025,Calgary Flames,Los Angeles Kings,Calgary Flames,2,1
12/01/2025,Vegas Golden Knights,New York Rangers,New York Rangers,1,2
12/01/2025,San Jose Sharks,Minnesota Wild,Minnesota Wild,1,3
12/01/2025,Detroit Red Wings,Seattle Kraken,Detroit Red Wings,6,2
12/01/2025,Ottawa Senators,Dallas Stars,Ottawa Senators,3,2
12/01/2025,Pittsburgh Penguins,Tampa Bay Lightning,Tampa Bay Lightning,2,5
12/01/2025,Carolina Hurricanes,Anaheim Ducks,Anaheim Ducks,2,3
13/01/2025,Vegas Golden Knights,Minnesota Wild,Vegas Golden Knights,4,1
14/01/2025,Philadelphia Flyers,Florida Panthers,Philadelphia Flyers,4,3
14/01/2025,Chicago Blackhawks,Calgary Flames,Calgary Flames,2,5
14/01/2025,Edmonton Oilers,Los Angeles Kings,Edmonton Oilers,1,0
15/01/2025,Boston Bruins,Tampa Bay Lightning,Boston Bruins,6,2
15/01/2025,Toronto Maple Leafs,Dallas Stars,Dallas Stars,1,4
15/01/2025,Detroit Red Wings,San Jose Sharks,San Jose Sharks,3,6
15/01/2025,Pittsburgh Penguins,Seattle Kraken,Seattle Kraken,2,4
15/01/2025,Washington Capitals,Anaheim Ducks,Washington Capitals,3,0
15/01/2025,Columbus Blue Jackets,Philadelphia Flyers,Columbus Blue Jackets,3,2
15/01/2025,New Jersey Devils,Florida Panthers,Florida Panthers,1,2
15/01/2025,New York Islanders,Ottawa Senators,Ottawa Senators,0,2
15/01/2025,St. Louis Blues,Calgary Flames,St. Louis Blues,2,1
15/01/2025,Nashville Predators,Vegas Golden Knights,Nashville Predators,5,3
15/01/2025,Winnipeg Jets,Vancouver Canucks,Winnipeg Jets,6,1
15/01/2025,Colorado Avalanche,New York Rangers,Colorado Avalanche,3,2
15/01/2025,Utah Hockey Club,Montréal Canadiens,Montréal Canadiens,3,5
15/01/2025,Buffalo Sabres,Carolina Hurricanes,Buffalo Sabres,4,2
16/01/2025,Minnesota Wild,Edmonton Oilers,Edmonton Oilers,3,5
17/01/2025,Toronto Maple Leafs,New Jersey Devils,Toronto Maple Leafs,4,3
17/01/2025,Ottawa Senators,Washington Capitals,Washington Capitals,0,1
17/01/2025,Tampa Bay Lightning,Anaheim Ducks,Tampa Bay Lightning,4,3
17/01/2025,Florida Panthers,Detroit Red Wings,Detroit Red Wings,2,5
17/01/2025,Columbus Blue Jackets,San Jose Sharks,Columbus Blue Jackets,4,1
17/01/2025,New York Islanders,Philadelphia Flyers,Philadelphia Flyers,3,5
17/01/2025,St. Louis Blues,Calgary Flames,St. Louis Blues,4,1
17/01/2025,Nashville Predators,Chicago Blackhawks,Nashville Predators,3,2
17/01/2025,Dallas Stars,Montréal Canadiens,Montréal Canadiens,1,3
17/01/2025,Winnipeg Jets,Seattle Kraken,Winnipeg Jets,2,1
17/01/2025,Utah Hockey Club,New York Rangers,New York Rangers,3,5
17/01/2025,Colorado Avalanche,Edmonton Oilers,Edmonton Oilers,3,4
17/01/2025,Vancouver Canucks,Los Angeles Kings,Los Angeles Kings,1,5
18/01/2025,Buffalo Sabres,Pittsburgh Penguins,Pittsburgh Penguins,2,5
18/01/2025,Carolina Hurricanes,Vegas Golden Knights,Carolina Hurricanes,3,2
18/01/2025,New Jersey Devils,Philadelphia Flyers,Philadelphia Flyers,1,3
18/01/2025,Ottawa Senators,Boston Bruins,Ottawa Senators,6,5
18/01/2025,Colorado Avalanche,Dallas Stars,Colorado Avalanche,6,3
18/01/2025,Florida Panthers,Anaheim Ducks,Florida Panthers,3,0
19/01/2025,Montréal Canadiens,Toronto Maple Leafs,Toronto Maple Leafs,3,7
19/01/2025,Tampa Bay Lightning,Detroit Red Wings,Tampa Bay Lightning,5,1
19/01/2025,New York Rangers,Columbus Blue Jackets,New York Rangers,1,0
19/01/2025,Washington Capitals,Pittsburgh Penguins,Washington Capitals,4,1
19/01/2025,Winnipeg Jets,Calgary Flames,Calgary Flames,1,3
19/01/2025,New York Islanders,San Jose Sharks,New York Islanders,4,1
19/01/2025,Chicago Blackhawks,Vegas Golden Knights,Chicago Blackhawks,5,3
19/01/2025,Nashville Predators,Minnesota Wild,Nashville Predators,6,2
19/01/2025,Utah Hockey Club,St. Louis Blues,Utah Hockey Club,4,2
19/01/2025,Vancouver Canucks,Edmonton Oilers,Vancouver Canucks,3,2
19/01/2025,Seattle Kraken,Los Angeles Kings,Seattle Kraken,4,2
19/01/2025,New Jersey Devils,Ottawa Senators,Ottawa Senators,1,2
20/01/2025,Montréal Canadiens,New York Rangers,Montréal Canadiens,5,4
20/01/2025,Dallas Stars,Detroit Red Wings,Dallas Stars,4,1
20/01/2025,Boston Bruins,San Jose Sharks,Boston Bruins,6,3
20/01/2025,Colorado Avalanche,Minnesota Wild,Minnesota Wild,1,3
20/01/2025,Seattle Kraken,Buffalo Sabres,Seattle Kraken,6,4
20/01/2025,Vegas Golden Knights,St. Louis Blues,St. Louis Blues,4,5
21/01/2025,Toronto Maple Leafs,Tampa Bay Lightning,Toronto Maple Leafs,5,3
21/01/2025,New York Islanders,Columbus Blue Jackets,New York Islanders,3,1
21/01/2025,Chicago Blackhawks,Carolina Hurricanes,Carolina Hurricanes,3,4
21/01/2025,Utah Hockey Club,Winnipeg Jets,Utah Hockey Club,5,2
21/01/2025,Los Angeles Kings,Pittsburgh Penguins,Pittsburgh Penguins,1,5
22/01/2025,Montréal Canadiens,Tampa Bay Lightning,Montréal Canadiens,3,2
22/01/2025,New York Rangers,Ottawa Senators,New York Rangers,5,0
22/01/2025,Philadelphia Flyers,Detroit Red Wings,Philadelphia Flyers,2,1
22/01/2025,Nashville Predators,San Jose Sharks,Nashville Predators,7,5
22/01/2025,Dallas Stars,Carolina Hurricanes,Carolina Hurricanes,1,2
22/01/2025,Edmonton Oilers,Washington Capitals,Washington Capitals,2,3
22/01/2025,Vancouver Canucks,Buffalo Sabres,Buffalo Sabres,2,3
22/01/2025,Anaheim Ducks,Florida Panthers,Florida Panthers,2,5
23/01/2025,New Jersey Devils,Boston Bruins,New Jersey Devils,5,1
23/01/2025,Toronto Maple Leafs,Columbus Blue Jackets,Columbus Blue Jackets,1,5
23/01/2025,Colorado Avalanche,Winnipeg Jets,Winnipeg Jets,2,3
23/01/2025,Los Angeles Kings,Florida Panthers,Los Angeles Kings,2,1
24/01/2025,Boston Bruins,Ottawa Senators,Boston Bruins,2,0
24/01/2025,Detroit Red Wings,Montréal Canadiens,Detroit Red Wings,4,2
24/01/2025,New York Rangers,Philadelphia Flyers,New York Rangers,6,1
24/01/2025,Carolina Hurricanes,Columbus Blue Jackets,Carolina Hurricanes,7,4
24/01/2025,St. Louis Blues,Vegas Golden Knights,Vegas Golden Knights,2,4
24/01/2025,Minnesota Wild,Utah Hockey Club,Utah Hockey Club,0,4
24/01/2025,Calgary Flames,Buffalo Sabres,Calgary Flames,5,2
24/01/2025,Edmonton Oilers,Vancouver Canucks,Edmonton Oilers,6,2
24/01/2025,Anaheim Ducks,Pittsburgh Penguins,Anaheim Ducks,5,1
24/01/2025,Seattle Kraken,Washington Capitals,Washington Capitals,0,3
24/01/2025,San Jose Sharks,Nashville Predators,Nashville Predators,5,6
25/01/2025,New York Islanders,Philadelphia Flyers,New York Islanders,3,1
25/01/2025,Dallas Stars,Vegas Golden Knights,Dallas Stars,4,3
25/01/2025,Chicago Blackhawks,Tampa Bay Lightning,Tampa Bay Lightning,3,4
25/01/2025,Winnipeg Jets,Utah Hockey Club,Winnipeg Jets,5,2
25/01/2025,Boston Bruins,Colorado Avalanche,Boston Bruins,3,1
25/01/2025,Edmonton Oilers,Buffalo Sabres,Edmonton Oilers,3,2
25/01/2025,Seattle Kraken,Pittsburgh Penguins,Seattle Kraken,4,1
26/01/2025,Montréal Canadiens,New Jersey Devils,New Jersey Devils,3,4
26/01/2025,Ottawa Senators,Toronto Maple Leafs,Ottawa Senators,2,1
26/01/2025,Detroit Red Wings,Tampa Bay Lightning,Detroit Red Wings,2,0
26/01/2025,Columbus Blue Jackets,Los Angeles Kings,Columbus Blue Jackets,3,2
26/01/2025,St. Louis Blues,Dallas Stars,Dallas Stars,0,2
26/01/2025,Minnesota Wild,Calgary Flames,Calgary Flames,4,5
26/01/2025,New York Islanders,Carolina Hurricanes,New York Islanders,3,2
26/01/2025,Vancouver Canucks,Washington Capitals,Vancouver Canucks,2,1
26/01/2025,Anaheim Ducks,Nashville Predators,Anaheim Ducks,5,2
26/01/2025,San Jose Sharks,Florida Panthers,Florida Panthers,2,7
26/01/2025,New York Rangers,Colorado Avalanche,Colorado Avalanche,4,5
26/01/2025,Ottawa Senators,Utah Hockey Club,Ottawa Senators,3,1
26/01/2025,Winnipeg Jets,Calgary Flames,Winnipeg Jets,5,2
27/01/2025,Chicago Blackhawks,Minnesota Wild,Minnesota Wild,2,4
27/01/2025,Vegas Golden Knights,Florida Panthers,Vegas Golden Knights,4,1
28/01/2025,Detroit Red Wings,Los Angeles Kings,Detroit Red Wings,5,2
28/01/2025,Philadelphia Flyers,New Jersey Devils,Philadelphia Flyers,4,2
28/01/2025,St. Louis Blues,Vancouver Canucks,Vancouver Canucks,2,5
28/01/2025,Edmonton Oilers,Seattle Kraken,Edmonton Oilers,4,2
28/01/2025,San Jose Sharks,Pittsburgh Penguins,San Jose Sharks,2,1
29/01/2025,Buffalo Sabres,Boston Bruins,Buffalo Sabres,7,2
29/01/2025,Montréal Canadiens,Winnipeg Jets,Winnipeg Jets,1,4
29/01/2025,Tampa Bay Lightning,Chicago Blackhawks,Chicago Blackhawks,1,4
29/01/2025,New York Rangers,Carolina Hurricanes,Carolina Hurricanes,0,4
29/01/2025,New York Islanders,Colorado Avalanche,New York Islanders,5,2
29/01/2025,Calgary Flames,Washington Capitals,Washington Capitals,1,3
29/01/2025,Vegas Golden Knights,Dallas Stars,Dallas Stars,3,4
29/01/2025,Seattle Kraken,Anaheim Ducks,Anaheim Ducks,4,6
30/01/2025,Toronto Maple Leafs,Minnesota Wild,Minnesota Wild,1,3
30/01/2025,Florida Panthers,Los Angeles Kings,Florida Panthers,3,0
30/01/2025,New Jersey Devils,Philadelphia Flyers,New Jersey Devils,5,0
30/01/2025,Nashville Predators,Vancouver Canucks,Vancouver Canucks,1,3
30/01/2025,Utah Hockey Club,Pittsburgh Penguins,Pittsburgh Penguins,2,3
31/01/2025,Boston Bruins,Winnipeg Jets,Winnipeg Jets,2,6
31/01/2025,Montréal Canadiens,Minnesota Wild,Minnesota Wild,0,4
31/01/2025,Ottawa Senators,Washington Capitals,Ottawa Senators,5,4
31/01/2025,Tampa Bay Lightning,Los Angeles Kings,Tampa Bay Lightning,3,0
31/01/2025,Carolina Hurricanes,Chicago Blackhawks,Carolina Hurricanes,3,2
31/01/2025,Philadelphia Flyers,New York Islanders,New York Islanders,0,3
31/01/2025,Calgary Flames,Anaheim Ducks,Calgary Flames,4,1
31/01/2025,Edmonton Oilers,Detroit Red Wings,Detroit Red Wings,2,3
31/01/2025,Vegas Golden Knights,Columbus Blue Jackets,Columbus Blue Jackets,1,2
31/01/2025,Seattle Kraken,San Jose Sharks,Seattle Kraken,6,2
01/02/2025,Buffalo Sabres,Nashville Predators,Buffalo Sabres,4,3
01/02/2025,Dallas Stars,Vancouver Canucks,Dallas Stars,5,3
01/02/2025,Colorado Avalanche,St. Louis Blues,Colorado Avalanche,5,0
01/02/2025,Utah Hockey Club,Columbus Blue Jackets,Columbus Blue Jackets,2,3
01/02/2025,Florida Panthers,Chicago Blackhawks,Florida Panthers,5,1
01/02/2025,Boston Bruins,New York Rangers,Boston Bruins,6,3
02/02/2025,Ottawa Senators,Minnesota Wild,Ottawa Senators,6,0
02/02/2025,Tampa Bay Lightning,New York Islanders,New York Islanders,2,3
02/02/2025,Pittsburgh Penguins,Nashville Predators,Pittsburgh Penguins,3,0
02/02/2025,Washington Capitals,Winnipeg Jets,Winnipeg Jets,4,5
02/02/2025,Carolina Hurricanes,Los Angeles Kings,Los Angeles Kings,2,4
02/02/2025,Edmonton Oilers,Toronto Maple Leafs,Toronto Maple Leafs,3,4
02/02/2025,Calgary Flames,Detroit Red Wings,Detroit Red Wings,1,3
02/02/2025,Buffalo Sabres,New Jersey Devils,Buffalo Sabres,4,3
02/02/2025,Colorado Avalanche,Philadelphia Flyers,Colorado Avalanche,2,0
02/02/2025,Anaheim Ducks,Montréal Canadiens,Anaheim Ducks,3,2
02/02/2025,Florida Panthers,New York Islanders,Florida Panthers,6,3
02/02/2025,New York Rangers,Vegas Golden Knights,New York Rangers,4,2
02/02/2025,Dallas Stars,Columbus Blue Jackets,Dallas Stars,5,3
03/02/2025,Utah Hockey Club,St. Louis Blues,St. Louis Blues,1,2
03/02/2025,Vancouver Canucks,Detroit Red Wings,Detroit Red Wings,2,3
03/02/2025,Seattle Kraken,Calgary Flames,Calgary Flames,2,3
04/02/2025,Nashville Predators,Ottawa Senators,Ottawa Senators,2,5
05/02/2025,Boston Bruins,Minnesota Wild,Boston Bruins,3,0
05/02/2025,Buffalo Sabres,Columbus Blue Jackets,Buffalo Sabres,3,2
05/02/2025,Tampa Bay Lightning,Ottawa Senators,Tampa Bay Lightning,4,3
05/02/2025,Pittsburgh Penguins,New Jersey Devils,New Jersey Devils,2,3
05/02/2025,Washington Capitals,Florida Panthers,Washington Capitals,6,3
05/02/2025,New York Islanders,Vegas Golden Knights,New York Islanders,2,1
05/02/2025,St. Louis Blues,Edmonton Oilers,Edmonton Oilers,2,3
05/02/2025,Winnipeg Jets,Carolina Hurricanes,Winnipeg Jets,3,0
05/02/2025,Calgary Flames,Toronto Maple Leafs,Toronto Maple Leafs,3,6
05/02/2025,Utah Hockey Club,Philadelphia Flyers,Utah Hockey Club,3,2
05/02/2025,Vancouver Canucks,Colorado Avalanche,Vancouver Canucks,3,0
05/02/2025,Seattle Kraken,Detroit Red Wings,Detroit Red Wings,4,5
05/02/2025,Anaheim Ducks,Dallas Stars,Anaheim Ducks,2,1
05/02/2025,San Jose Sharks,Montréal Canadiens,Montréal Canadiens,3,4
06/02/2025,New York Rangers,Boston Bruins,New York Rangers,3,2
06/02/2025,Chicago Blackhawks,Edmonton Oilers,Edmonton Oilers,3,4
06/02/2025,Los Angeles Kings,Montréal Canadiens,Los Angeles Kings,6,3
07/02/2025,Tampa Bay Lightning,Ottawa Senators,Tampa Bay Lightning,5,1
07/02/2025,New Jersey Devils,Vegas Golden Knights,Vegas Golden Knights,1,3
07/02/2025,Philadelphia Flyers,Washington Capitals,Washington Capitals,3,4
07/02/2025,Columbus Blue Jackets,Utah Hockey Club,Utah Hockey Club,2,3
07/02/2025,Minnesota Wild,Carolina Hurricanes,Minnesota Wild,2,1
07/02/2025,St. Louis Blues,Florida Panthers,Florida Panthers,2,3
07/02/2025,Calgary Flames,Colorado Avalanche,Colorado Avalanche,2,4
07/02/2025,Seattle Kraken,Toronto Maple Leafs,Toronto Maple Leafs,1,3
07/02/2025,San Jose Sharks,Vancouver Canucks,Vancouver Canucks,1,2
08/02/2025,New York Rangers,Pittsburgh Penguins,Pittsburgh Penguins,2,3
08/02/2025,Winnipeg Jets,New York Islanders,Winnipeg Jets,4,3
08/02/2025,Chicago Blackhawks,Nashville Predators,Chicago Blackhawks,6,2
08/02/2025,Edmonton Oilers,Colorado Avalanche,Colorado Avalanche,4,5
08/02/2025,Los Angeles Kings,Dallas Stars,Los Angeles Kings,5,4
08/02/2025,Montréal Canadiens,New Jersey Devils,New Jersey Devils,0,4
08/02/2025,Detroit Red Wings,Tampa Bay Lightning,Tampa Bay Lightning,3,6
08/02/2025,Carolina Hurricanes,Utah Hockey Club,Carolina Hurricanes,7,3
08/02/2025,Boston Bruins,Vegas Golden Knights,Vegas Golden Knights,3,4
09/02/2025,Florida Panthers,Ottawa Senators,Florida Panthers,5,1
09/02/2025,Philadelphia Flyers,Pittsburgh Penguins,Philadelphia Flyers,3,2
09/02/2025,Columbus Blue Jackets,New York Rangers,New York Rangers,3,4
09/02/2025,St. Louis Blues,Chicago Blackhawks,St. Louis Blues,6,5
09/02/2025,Vancouver Canucks,Toronto Maple Leafs,Vancouver Canucks,2,1
09/02/2025,Nashville Predators,Buffalo Sabres,Nashville Predators,6,4
09/02/2025,Minnesota Wild,New York Islanders,Minnesota Wild,6,3
09/02/2025,Calgary Flames,Seattle Kraken,Seattle Kraken,2,3
09/02/2025,San Jose Sharks,Dallas Stars,Dallas Stars,3,8
09/02/2025,Los Angeles Kings,Anaheim Ducks,Anaheim Ducks,1,2
09/02/2025,Washington Capitals,Utah Hockey Club,Utah Hockey Club,4,5
09/02/2025,Montréal Canadiens,Tampa Bay Lightning,Tampa Bay Lightning,3,5
22/02/2025,Detroit Red Wings,Minnesota Wild,Minnesota Wild,3,4
22/02/2025,Philadelphia Flyers,Edmonton Oilers,Philadelphia Flyers,6,3
22/02/2025,Pittsburgh Penguins,Washington Capitals,Washington Capitals,3,8
22/02/2025,Buffalo Sabres,New York Rangers,Buffalo Sabres,8,2
22/02/2025,Florida Panthers,Seattle Kraken,Seattle Kraken,1,2
22/02/2025,New Jersey Devils,Dallas Stars,Dallas Stars,2,4
22/02/2025,Nashville Predators,Colorado Avalanche,Nashville Predators,2,1
23/02/2025,Boston Bruins,Anaheim Ducks,Anaheim Ducks,2,3
23/02/2025,Toronto Maple Leafs,Carolina Hurricanes,Toronto Maple Leafs,6,3
23/02/2025,Ottawa Senators,Montréal Canadiens,Montréal Canadiens,2,5
23/02/2025,Columbus Blue Jackets,Chicago Blackhawks,Columbus Blue Jackets,5,1
23/02/2025,St. Louis Blues,Winnipeg Jets,Winnipeg Jets,3,4
23/02/2025,Los Angeles Kings,Utah Hockey Club,Los Angeles Kings,5,3
23/02/2025,Vegas Golden Knights,Vancouver Canucks,Vegas Golden Knights,3,1
23/02/2025,Washington Capitals,Edmonton Oilers,Washington Capitals,7,3
23/02/2025,Pittsburgh Penguins,New York Rangers,New York Rangers,3,5
23/02/2025,Detroit Red Wings,Anaheim Ducks,Detroit Red Wings,5,4
23/02/2025,Tampa Bay Lightning,Seattle Kraken,Tampa Bay Lightning,4,1
23/02/2025,St. Louis Blues,Colorado Avalanche,St. Louis Blues,3,1
23/02/2025,Nashville Predators,New Jersey Devils,New Jersey Devils,0,5
24/02/2025,Chicago Blackhawks,Toronto Maple Leafs,Toronto Maple Leafs,2,5
24/02/2025,New York Islanders,Dallas Stars,Dallas Stars,3,4
24/02/2025,Calgary Flames,San Jose Sharks,Calgary Flames,3,2
24/02/2025,Utah Hockey Club,Vancouver Canucks,Utah Hockey Club,2,1
25/02/2025,Winnipeg Jets,San Jose Sharks,Winnipeg Jets,2,1
25/02/2025,Los Angeles Kings,Vegas Golden Knights,Los Angeles Kings,5,2
26/02/2025,Boston Bruins,Toronto Maple Leafs,Toronto Maple Leafs,4,5
26/02/2025,Buffalo Sabres,Anaheim Ducks,Buffalo Sabres,3,2
26/02/2025,Montréal Canadiens,Carolina Hurricanes,Montréal Canadiens,4,0
26/02/2025,Philadelphia Flyers,Pittsburgh Penguins,Philadelphia Flyers,6,1
26/02/2025,Washington Capitals,Calgary Flames,Calgary Flames,1,3
26/02/2025,Columbus Blue Jackets,Dallas Stars,Columbus Blue Jackets,6,4
26/02/2025,Tampa Bay Lightning,Edmonton Oilers,Tampa Bay Lightning,4,1
26/02/2025,New York Islanders,New York Rangers,New York Rangers,1,5
26/02/2025,St. Louis Blues,Seattle Kraken,St. Louis Blues,7,2
26/02/2025,Nashville Predators,Florida Panthers,Florida Panthers,1,4
26/02/2025,Minnesota Wild,Detroit Red Wings,Detroit Red Wings,2,3
26/02/2025,Utah Hockey Club,Chicago Blackhawks,Utah Hockey Club,2,1
27/02/2025,Ottawa Senators,Winnipeg Jets,Winnipeg Jets,1,4
27/02/2025,Colorado Avalanche,New Jersey Devils,Colorado Avalanche,5,1
27/02/2025,Los Angeles Kings,Vancouver Canucks,Vancouver Canucks,2,3
28/02/2025,Boston Bruins,New York Islanders,New York Islanders,1,2
28/02/2025,Montréal Canadiens,San Jose Sharks,Montréal Canadiens,4,3
28/02/2025,Detroit Red Wings,Columbus Blue Jackets,Columbus Blue Jackets,2,5
28/02/2025,Tampa Bay Lightning,Calgary Flames,Tampa Bay Lightning,3,0
28/02/2025,Florida Panthers,Edmonton Oilers,Florida Panthers,4,3
28/02/2025,Washington Capitals,St. Louis Blues,St. Louis Blues,2,5
28/02/2025,Carolina Hurricanes,Buffalo Sabres,Carolina Hurricanes,5,2
28/02/2025,Pittsburgh Penguins,Philadelphia Flyers,Pittsburgh Penguins,5,4
28/02/2025,Nashville Predators,Winnipeg Jets,Nashville Predators,2,1
28/02/2025,Utah Hockey Club,Minnesota Wild,Utah Hockey Club,6,1
28/02/2025,Vegas Golden Knights,Chicago Blackhawks,Vegas Golden Knights,7,5
28/02/2025,Anaheim Ducks,Vancouver Canucks,Anaheim Ducks,5,2
01/03/2025,New York Rangers,Toronto Maple Leafs,Toronto Maple Leafs,2,3
01/03/2025,Dallas Stars,Los Angeles Kings,Dallas Stars,6,2
01/03/2025,Colorado Avalanche,Minnesota Wild,Colorado Avalanche,5,2
01/03/2025,New York Islanders,Nashville Predators,New York Islanders,7,4
01/03/2025,Washington Capitals,Tampa Bay Lightning,Tampa Bay Lightning,1,3
01/03/2025,Florida Panthers,Calgary Flames,Florida Panthers,3,0
01/03/2025,Pittsburgh Penguins,Boston Bruins,Boston Bruins,2,3
01/03/2025,Columbus Blue Jackets,Detroit Red Wings,Columbus Blue Jackets,5,3
02/03/2025,Buffalo Sabres,Montréal Canadiens,Montréal Canadiens,2,4
02/03/2025,Ottawa Senators,San Jose Sharks,Ottawa Senators,5,3
02/03/2025,Carolina Hurricanes,Edmonton Oilers,Edmonton Oilers,1,3
02/03/2025,Winnipeg Jets,Philadelphia Flyers,Philadelphia Flyers,1,2
02/03/2025,St. Louis Blues,Los Angeles Kings,St. Louis Blues,4,1
02/03/2025,Utah Hockey Club,New Jersey Devils,New Jersey Devils,1,3
02/03/2025,Anaheim Ducks,Chicago Blackhawks,Chicago Blackhawks,3,6
02/03/2025,Seattle Kraken,Vancouver Canucks,Seattle Kraken,6,3
02/03/2025,Pittsburgh Penguins,Toronto Maple Leafs,Toronto Maple Leafs,5,6
02/03/2025,Minnesota Wild,Boston Bruins,Minnesota Wild,1,0
02/03/2025,Carolina Hurricanes,Calgary Flames,Carolina Hurricanes,2,1
02/03/2025,Dallas Stars,St. Louis Blues,Dallas Stars,6,3
03/03/2025,New York Rangers,Nashville Predators,New York Rangers,4,0
03/03/2025,Vegas Golden Knights,New Jersey Devils,Vegas Golden Knights,2,0
03/03/2025,Washington Capitals,Ottawa Senators,Washington Capitals,5,4
04/03/2025,Montréal Canadiens,Buffalo Sabres,Montréal Canadiens,4,3
04/03/2025,Florida Panthers,Tampa Bay Lightning,Florida Panthers,2,1
04/03/2025,New York Rangers,New York Islanders,New York Rangers,4,0
04/03/2025,Toronto Maple Leafs,San Jose Sharks,San Jose Sharks,2,3
04/03/2025,Chicago Blackhawks,Los Angeles Kings,Chicago Blackhawks,5,1
05/03/2025,Boston Bruins,Nashville Predators,Nashville Predators,3,6
05/03/2025,Buffalo Sabres,San Jose Sharks,San Jose Sharks,2,6
05/03/2025,Detroit Red Wings,Carolina Hurricanes,Carolina Hurricanes,1,2
05/03/2025,Tampa Bay Lightning,Columbus Blue Jackets,Tampa Bay Lightning,6,2
05/03/2025,Philadelphia Flyers,Calgary Flames,Calgary Flames,3,6
05/03/2025,New York Islanders,Winnipeg Jets,New York Islanders,3,2
05/03/2025,Dallas Stars,New Jersey Devils,Dallas Stars,4,3
05/03/2025,Colorado Avalanche,Pittsburgh Penguins,Colorado Avalanche,4,1
05/03/2025,Edmonton Oilers,Anaheim Ducks,Anaheim Ducks,2,6
05/03/2025,Seattle Kraken,Minnesota Wild,Minnesota Wild,3,4
06/03/2025,New York Rangers,Washington Capitals,Washington Capitals,2,3
06/03/2025,Chicago Blackhawks,Ottawa Senators,Ottawa Senators,3,4
06/03/2025,Vegas Golden Knights,Toronto Maple Leafs,Vegas Golden Knights,5,2
06/03/2025,Vancouver Canucks,Anaheim Ducks,Vancouver Canucks,3,2
06/03/2025,Los Angeles Kings,St. Louis Blues,St. Louis Blues,2,3
07/03/2025,Detroit Red Wings,Utah Hockey Club,Utah Hockey Club,2,4
07/03/2025,Tampa Bay Lightning,Buffalo Sabres,Tampa Bay Lightning,6,5
07/03/2025,Florida Panthers,Columbus Blue Jackets,Florida Panthers,3,0
07/03/2025,Philadelphia Flyers,Winnipeg Jets,Winnipeg Jets,1,4
07/03/2025,Carolina Hurricanes,Boston Bruins,Carolina Hurricanes,3,2
07/03/2025,Nashville Predators,Seattle Kraken,Nashville Predators,5,3
07/03/2025,Dallas Stars,Calgary Flames,Dallas Stars,3,2
07/03/2025,Edmonton Oilers,Montréal Canadiens,Edmonton Oilers,3,2
07/03/2025,Colorado Avalanche,San Jose Sharks,Colorado Avalanche,7,3
08/03/2025,New Jersey Devils,Winnipeg Jets,Winnipeg Jets,1,6
08/03/2025,Washington Capitals,Detroit Red Wings,Washington Capitals,5,2
08/03/2025,Chicago Blackhawks,Utah Hockey Club,Chicago Blackhawks,4,3
08/03/2025,Vancouver Canucks,Minnesota Wild,Vancouver Canucks,3,1
08/03/2025,Vegas Golden Knights,Pittsburgh Penguins,Vegas Golden Knights,4,0
08/03/2025,Anaheim Ducks,St. Louis Blues,St. Louis Blues,3,4
08/03/2025,Ottawa Senators,New York Rangers,Ottawa Senators,4,3
08/03/2025,Philadelphia Flyers,Seattle Kraken,Seattle Kraken,1,4
08/03/2025,Tampa Bay Lightning,Boston Bruins,Boston Bruins,0,4
08/03/2025,Florida Panthers,Buffalo Sabres,Florida Panthers,4,0
09/03/2025,Colorado Avalanche,Toronto Maple Leafs,Colorado Avalanche,7,4
09/03/2025,Calgary Flames,Montréal Canadiens,Calgary Flames,1,0
09/03/2025,Nashville Predators,Chicago Blackhawks,Nashville Predators,3,2
09/03/2025,Los Angeles Kings,St. Louis Blues,Los Angeles Kings,2,1
09/03/2025,Edmonton Oilers,Dallas Stars,Edmonton Oilers,5,4
09/03/2025,San Jose Sharks,New York Islanders,New York Islanders,2,4
09/03/2025,Philadelphia Flyers,New Jersey Devils,New Jersey Devils,1,3
09/03/2025,Washington Capitals,Seattle Kraken,Washington Capitals,4,2
09/03/2025,Minnesota Wild,Pittsburgh Penguins,Pittsburgh Penguins,1,3
09/03/2025,Carolina Hurricanes,Winnipeg Jets,Carolina Hurricanes,4,2
09/03/2025,New York Rangers,Columbus Blue Jackets,Columbus Blue Jackets,3,7
10/03/2025,Vegas Golden Knights,Los Angeles Kings,Los Angeles Kings,5,6
10/03/2025,Vancouver Canucks,Dallas Stars,Dallas Stars,1,4
10/03/2025,Anaheim Ducks,New York Islanders,Anaheim Ducks,4,1
10/03/2025,Buffalo Sabres,Edmonton Oilers,Buffalo Sabres,3,2
10/03/2025,Ottawa Senators,Detroit Red Wings,Ottawa Senators,2,1
11/03/2025,Colorado Avalanche,Chicago Blackhawks,Colorado Avalanche,3,0
11/03/2025,Utah Hockey Club,Toronto Maple Leafs,Toronto Maple Leafs,3,4
11/03/2025,Boston Bruins,Florida Panthers,Boston Bruins,3,2
11/03/2025,New Jersey Devils,Columbus Blue Jackets,New Jersey Devils,5,3
11/03/2025,Philadelphia Flyers,Ottawa Senators,Ottawa Senators,2,5
11/03/2025,Pittsburgh Penguins,Vegas Golden Knights,Pittsburgh Penguins,3,2
11/03/2025,Carolina Hurricanes,Tampa Bay Lightning,Carolina Hurricanes,4,1
12/03/2025,Minnesota Wild,Colorado Avalanche,Minnesota Wild,2,1
12/03/2025,Winnipeg Jets,New York Rangers,Winnipeg Jets,2,1
12/03/2025,Vancouver Canucks,Montréal Canadiens,Montréal Canadiens,2,4
12/03/2025,Anaheim Ducks,Washington Capitals,Washington Capitals,4,7
12/03/2025,Los Angeles Kings,New York Islanders,Los Angeles Kings,4,1
12/03/2025,San Jose Sharks,Nashville Predators,Nashville Predators,2,3
12/03/2025,Detroit Red Wings,Buffalo Sabres,Detroit Red Wings,7,3
13/03/2025,Calgary Flames,Vancouver Canucks,Vancouver Canucks,3,4
13/03/2025,Utah Hockey Club,Anaheim Ducks,Utah Hockey Club,3,2
13/03/2025,Seattle Kraken,Montréal Canadiens,Seattle Kraken,5,4
13/03/2025,Toronto Maple Leafs,Florida Panthers,Florida Panthers,2,3
13/03/2025,Ottawa Senators,Boston Bruins,Ottawa Senators,6,3
13/03/2025,Philadelphia Flyers,Tampa Bay Lightning,Philadelphia Flyers,4,3
13/03/2025,Pittsburgh Penguins,St. Louis Blues,Pittsburgh Penguins,5,3
13/03/2025,Columbus Blue Jackets,Vegas Golden Knights,Vegas Golden Knights,0,4
13/03/2025,New Jersey Devils,Edmonton Oilers,New Jersey Devils,3,2
14/03/2025,Minnesota Wild,New York Rangers,New York Rangers,2,3
14/03/2025,Los Angeles Kings,Washington Capitals,Los Angeles Kings,3,0
14/03/2025,San Jose Sharks,Chicago Blackhawks,San Jose Sharks,4,2
14/03/2025,Carolina Hurricanes,Detroit Red Wings,Carolina Hurricanes,4,2
14/03/2025,New York Islanders,Edmonton Oilers,Edmonton Oilers,1,2
15/03/2025,Winnipeg Jets,Dallas Stars,Winnipeg Jets,4,1
15/03/2025,Calgary Flames,Colorado Avalanche,Colorado Avalanche,2,4
15/03/2025,Anaheim Ducks,Nashville Predators,Anaheim Ducks,2,1
15/03/2025,Seattle Kraken,Utah Hockey Club,Seattle Kraken,4,2
15/03/2025,Buffalo Sabres,Vegas Golden Knights,Buffalo Sabres,4,3
15/03/2025,Pittsburgh Penguins,New Jersey Devils,Pittsburgh Penguins,7,3
15/03/2025,San Jose Sharks,Washington Capitals,Washington Capitals,1,5
15/03/2025,Boston Bruins,Tampa Bay Lightning,Tampa Bay Lightning,2,6
15/03/2025,Toronto Maple Leafs,Ottawa Senators,Ottawa Senators,2,4
15/03/2025,Montréal Canadiens,Florida Panthers,Montréal Canadiens,3,1
15/03/2025,Philadelphia Flyers,Carolina Hurricanes,Carolina Hurricanes,0,5
15/03/2025,Columbus Blue Jackets,New York Rangers,New York Rangers,0,4
16/03/2025,Minnesota Wild,St. Louis Blues,St. Louis Blues,1,5
16/03/2025,Los Angeles Kings,Nashville Predators,Los Angeles Kings,1,0
16/03/2025,Vancouver Canucks,Chicago Blackhawks,Vancouver Canucks,6,2
16/03/2025,Detroit Red Wings,Vegas Golden Knights,Detroit Red Wings,3,0
16/03/2025,Colorado Avalanche,Dallas Stars,Colorado Avalanche,4,3
16/03/2025,New York Rangers,Edmonton Oilers,Edmonton Oilers,1,3
16/03/2025,New York Islanders,Florida Panthers,New York Islanders,4,2
17/03/2025,St. Louis Blues,Anaheim Ducks,St. Louis Blues,7,2
17/03/2025,Vancouver Canucks,Utah Hockey Club,Utah Hockey Club,1,3
17/03/2025,Seattle Kraken,Winnipeg Jets,Winnipeg Jets,2,3
17/03/2025,Boston Bruins,Buffalo Sabres,Buffalo Sabres,2,3
17/03/2025,Tampa Bay Lightning,Philadelphia Flyers,Tampa Bay Lightning,2,0
17/03/2025,Columbus Blue Jackets,New Jersey Devils,New Jersey Devils,1,2
17/03/2025,Toronto Maple Leafs,Calgary Flames,Toronto Maple Leafs,6,2
18/03/2025,Minnesota Wild,Los Angeles Kings,Minnesota Wild,3,1
18/03/2025,Montréal Canadiens,Ottawa Senators,Montréal Canadiens,6,3
18/03/2025,New York Rangers,Calgary Flames,Calgary Flames,1,2
18/03/2025,Pittsburgh Penguins,New York Islanders,New York Islanders,2,4
18/03/2025,Washington Capitals,Detroit Red Wings,Washington Capitals,4,1
19/03/2025,Nashville Predators,St. Louis Blues,St. Louis Blues,1,4
19/03/2025,Dallas Stars,Anaheim Ducks,Dallas Stars,4,3
19/03/2025,Chicago Blackhawks,Seattle Kraken,Seattle Kraken,2,6
19/03/2025,Edmonton Oilers,Utah Hockey Club,Edmonton Oilers,7,1
19/03/2025,Vancouver Canucks,Winnipeg Jets,Vancouver Canucks,6,2
19/03/2025,Toronto Maple Leafs,Colorado Avalanche,Toronto Maple Leafs,2,1
20/03/2025,Minnesota Wild,Seattle Kraken,Minnesota Wild,4,0
20/03/2025,Ottawa Senators,Colorado Avalanche,Colorado Avalanche,1,5
20/03/2025,New Jersey Devils,Calgary Flames,Calgary Flames,3,5
20/03/2025,New York Rangers,Toronto Maple Leafs,Toronto Maple Leafs,3,4
20/03/2025,Washington Capitals,Philadelphia Flyers,Washington Capitals,3,2
20/03/2025,Columbus Blue Jackets,Florida Panthers,Florida Panthers,0,1
20/03/2025,New York Islanders,Montréal Canadiens,New York Islanders,4,3
20/03/2025,St. Louis Blues,Vancouver Canucks,St. Louis Blues,4,3
21/03/2025,Nashville Predators,Anaheim Ducks,Anaheim Ducks,1,4
21/03/2025,Dallas Stars,Tampa Bay Lightning,Tampa Bay Lightning,2,3
21/03/2025,Chicago Blackhawks,Los Angeles Kings,Los Angeles Kings,1,3
21/03/2025,Edmonton Oilers,Winnipeg Jets,Winnipeg Jets,3,4
21/03/2025,Utah Hockey Club,Buffalo Sabres,Utah Hockey Club,5,2
21/03/2025,Vegas Golden Knights,Boston Bruins,Vegas Golden Knights,5,1
21/03/2025,San Jose Sharks,Carolina Hurricanes,Carolina Hurricanes,1,3
21/03/2025,Pittsburgh Penguins,Columbus Blue Jackets,Pittsburgh Penguins,6,3
22/03/2025,New York Rangers,Vancouver Canucks,New York Rangers,5,3
22/03/2025,Dallas Stars,Philadelphia Flyers,Dallas Stars,3,2
22/03/2025,Minnesota Wild,Buffalo Sabres,Minnesota Wild,4,1
22/03/2025,St. Louis Blues,Chicago Blackhawks,St. Louis Blues,4,1
22/03/2025,New York Islanders,Calgary Flames,Calgary Flames,3,4
22/03/2025,Los Angeles Kings,Carolina Hurricanes,Los Angeles Kings,7,2
22/03/2025,Washington Capitals,Florida Panthers,Washington Capitals,6,3
22/03/2025,Utah Hockey Club,Tampa Bay Lightning,Utah Hockey Club,6,4
22/03/2025,Montréal Canadiens,Colorado Avalanche,Colorado Avalanche,4,5
22/03/2025,New Jersey Devils,Ottawa Senators,Ottawa Senators,2,3
22/03/2025,Nashville Predators,Toronto Maple Leafs,Nashville Predators,5,2
23/03/2025,Vegas Golden Knights,Detroit Red Wings,Vegas Golden Knights,6,3
23/03/2025,Edmonton Oilers,Seattle Kraken,Edmonton Oilers,5,4
23/03/2025,San Jose Sharks,Boston Bruins,San Jose Sharks,3,1
23/03/2025,Chicago Blackhawks,Philadelphia Flyers,Chicago Blackhawks,7,4
23/03/2025,Winnipeg Jets,Buffalo Sabres,Buffalo Sabres,3,5
23/03/2025,Florida Panthers,Pittsburgh Penguins,Florida Panthers,4,3
23/03/2025,St. Louis Blues,Nashville Predators,St. Louis Blues,4,1
24/03/2025,Vegas Golden Knights,Tampa Bay Lightning,Vegas Golden Knights,4,2
24/03/2025,Anaheim Ducks,Carolina Hurricanes,Carolina Hurricanes,2,5
24/03/2025,Los Angeles Kings,Boston Bruins,Los Angeles Kings,7,2
24/03/2025,New Jersey Devils,Vancouver Canucks,Vancouver Canucks,3,4
24/03/2025,New York Islanders,Columbus Blue Jackets,Columbus Blue Jackets,3,4
25/03/2025,Dallas Stars,Minnesota Wild,Dallas Stars,3,0
25/03/2025,Utah Hockey Club,Detroit Red Wings,Detroit Red Wings,1,5
25/03/2025,Buffalo Sabres,Ottawa Senators,Buffalo Sabres,3,2
25/03/2025,Toronto Maple Leafs,Philadelphia Flyers,Toronto Maple Leafs,7,2
25/03/2025,Tampa Bay Lightning,Pittsburgh Penguins,Tampa Bay Lightning,6,1
25/03/2025,Carolina Hurricanes,Nashville Predators,Nashville Predators,1,3
26/03/2025,St. Louis Blues,Montréal Canadiens,St. Louis Blues,6,1
26/03/2025,Minnesota Wild,Vegas Golden Knights,Vegas Golden Knights,1,5
26/03/2025,Winnipeg Jets,Washington Capitals,Winnipeg Jets,3,2
26/03/2025,Colorado Avalanche,Detroit Red Wings,Colorado Avalanche,5,2
26/03/2025,Calgary Flames,Seattle Kraken,Calgary Flames,4,3
26/03/2025,Los Angeles Kings,New York Rangers,Los Angeles Kings,3,1
26/03/2025,New York Islanders,Vancouver Canucks,Vancouver Canucks,2,5
26/03/2025,Chicago Blackhawks,New Jersey Devils,New Jersey Devils,3,5
27/03/2025,Edmonton Oilers,Dallas Stars,Dallas Stars,3,4
27/03/2025,Anaheim Ducks,Boston Bruins,Anaheim Ducks,6,2
27/03/2025,Buffalo Sabres,Pittsburgh Penguins,Buffalo Sabres,7,3
27/03/2025,Detroit Red Wings,Ottawa Senators,Ottawa Senators,3,4
27/03/2025,Tampa Bay Lightning,Utah Hockey Club,Tampa Bay Lightning,8,0
27/03/2025,Philadelphia Flyers,Montréal Canadiens,Philadelphia Flyers,6,4
27/03/2025,Minnesota Wild,Washington Capitals,Minnesota Wild,4,2
28/03/2025,Nashville Predators,St. Louis Blues,St. Louis Blues,2,3
28/03/2025,Calgary Flames,Dallas Stars,Dallas Stars,2,5
28/03/2025,Colorado Avalanche,Los Angeles Kings,Colorado Avalanche,4,0
28/03/2025,Seattle Kraken,Edmonton Oilers,Seattle Kraken,6,1
28/03/2025,San Jose Sharks,Toronto Maple Leafs,San Jose Sharks,6,5
28/03/2025,Florida Panthers,Utah Hockey Club,Florida Panthers,2,1
28/03/2025,Carolina Hurricanes,Montréal Canadiens,Carolina Hurricanes,4,1
28/03/2025,Columbus Blue Jackets,Vancouver Canucks,Columbus Blue Jackets,7,6
29/03/2025,Winnipeg Jets,New Jersey Devils,Winnipeg Jets,4,0
29/03/2025,Chicago Blackhawks,Vegas Golden Knights,Vegas Golden Knights,3,5
29/03/2025,Anaheim Ducks,New York Rangers,Anaheim Ducks,5,4
29/03/2025,Philadelphia Flyers,Buffalo Sabres,Philadelphia Flyers,7,4
29/03/2025,Tampa Bay Lightning,New York Islanders,Tampa Bay Lightning,5,3
29/03/2025,Colorado Avalanche,St. Louis Blues,St. Louis Blues,1,2
29/03/2025,Minnesota Wild,New Jersey Devils,New Jersey Devils,2,5
29/03/2025,Nashville Predators,Vegas Golden Knights,Vegas Golden Knights,1,3
29/03/2025,Ottawa Senators,Columbus Blue Jackets,Ottawa Senators,3,2
29/03/2025,Los Angeles Kings,Toronto Maple Leafs,Toronto Maple Leafs,1,3
30/03/2025,Detroit Red Wings,Boston Bruins,Detroit Red Wings,2,1
30/03/2025,Edmonton Oilers,Calgary Flames,Edmonton Oilers,3,2
30/03/2025,San Jose Sharks,New York Rangers,New York Rangers,1,6
30/03/2025,Seattle Kraken,Dallas Stars,Dallas Stars,1,5
30/03/2025,Florida Panthers,Montréal Canadiens,Montréal Canadiens,2,4
30/03/2025,Washington Capitals,Buffalo Sabres,Buffalo Sabres,5,8
30/03/2025,Winnipeg Jets,Vancouver Canucks,Winnipeg Jets,3,1
30/03/2025,Chicago Blackhawks,Utah Hockey Club,Utah Hockey Club,2,5
30/03/2025,Pittsburgh Penguins,Ottawa Senators,Pittsburgh Penguins,1,0
30/03/2025,Carolina Hurricanes,New York Islanders,Carolina Hurricanes,6,4
31/03/2025,Anaheim Ducks,Toronto Maple Leafs,Toronto Maple Leafs,2,3
31/03/2025,Los Angeles Kings,San Jose Sharks,Los Angeles Kings,8,1
31/03/2025,New Jersey Devils,Minnesota Wild,New Jersey Devils,3,2
31/03/2025,Philadelphia Flyers,Nashville Predators,Philadelphia Flyers,2,1
01/04/2025,Colorado Avalanche,Calgary Flames,Calgary Flames,2,3
01/04/2025,Seattle Kraken,Dallas Stars,Dallas Stars,1,3
01/04/2025,Boston Bruins,Washington Capitals,Washington Capitals,3,4
01/04/2025,Montréal Canadiens,Florida Panthers,Montréal Canadiens,3,2
01/04/2025,Ottawa Senators,Buffalo Sabres,Buffalo Sabres,2,5
01/04/2025,Columbus Blue Jackets,Nashville Predators,Columbus Blue Jackets,8,4
01/04/2025,New York Islanders,Tampa Bay Lightning,Tampa Bay Lightning,1,4
02/04/2025,St. Louis Blues,Detroit Red Wings,St. Louis Blues,2,1
02/04/2025,Utah Hockey Club,Calgary Flames,Utah Hockey Club,3,1
02/04/2025,Vegas Golden Knights,Edmonton Oilers,Edmonton Oilers,2,3
02/04/2025,Anaheim Ducks,San Jose Sharks,Anaheim Ducks,4,3
02/04/2025,Los Angeles Kings,Winnipeg Jets,Los Angeles Kings,4,1
02/04/2025,New York Rangers,Minnesota Wild,New York Rangers,5,4
02/04/2025,Carolina Hurricanes,Washington Capitals,Carolina Hurricanes,5,1
02/04/2025,Toronto Maple Leafs,Florida Panthers,Toronto Maple Leafs,3,2
03/04/2025,Chicago Blackhawks,Colorado Avalanche,Colorado Avalanche,2,3
03/04/2025,Vancouver Canucks,Seattle Kraken,Seattle Kraken,0,5
03/04/2025,Montréal Canadiens,Boston Bruins,Montréal Canadiens,4,1
03/04/2025,Ottawa Senators,Tampa Bay Lightning,Ottawa Senators,2,1
03/04/2025,Columbus Blue Jackets,Colorado Avalanche,Colorado Avalanche,3,7
04/04/2025,St. Louis Blues,Pittsburgh Penguins,St. Louis Blues,5,4
04/04/2025,Dallas Stars,Nashville Predators,Dallas Stars,5,1
04/04/2025,Utah Hockey Club,Los Angeles Kings,Los Angeles Kings,2,4
04/04/2025,Calgary Flames,Anaheim Ducks,Calgary Flames,4,1
04/04/2025,Vegas Golden Knights,Winnipeg Jets,Winnipeg Jets,0,4
04/04/2025,San Jose Sharks,Edmonton Oilers,Edmonton Oilers,2,3
04/04/2025,Detroit Red Wings,Carolina Hurricanes,Detroit Red Wings,5,3
04/04/2025,Washington Capitals,Chicago Blackhawks,Washington Capitals,5,3
04/04/2025,New York Islanders,Minnesota Wild,New York Islanders,3,1
05/04/2025,New Jersey Devils,New York Rangers,New Jersey Devils,4,0
05/04/2025,Ottawa Senators,Florida Panthers,Ottawa Senators,3,0
05/04/2025,Dallas Stars,Pittsburgh Penguins,Pittsburgh Penguins,3,5
05/04/2025,Vancouver Canucks,Anaheim Ducks,Vancouver Canucks,6,2
05/04/2025,Los Angeles Kings,Edmonton Oilers,Los Angeles Kings,3,0
05/04/2025,Boston Bruins,Carolina Hurricanes,Boston Bruins,5,1
05/04/2025,Buffalo Sabres,Tampa Bay Lightning,Buffalo Sabres,3,2
05/04/2025,Toronto Maple Leafs,Columbus Blue Jackets,Toronto Maple Leafs,5,0
05/04/2025,Montréal Canadiens,Philadelphia Flyers,Montréal Canadiens,3,2
05/04/2025,St. Louis Blues,Colorado Avalanche,St. Louis Blues,5,4
05/04/2025,Utah Hockey Club,Winnipeg Jets,Utah Hockey Club,4,1
06/04/2025,Calgary Flames,Vegas Golden Knights,Vegas Golden Knights,2,3
06/04/2025,San Jose Sharks,Seattle Kraken,Seattle Kraken,1,5
06/04/2025,New York Islanders,Washington Capitals,New York Islanders,4,1
06/04/2025,Minnesota Wild,Dallas Stars,Minnesota Wild,3,2
06/04/2025,Ottawa Senators,Columbus Blue Jackets,Ottawa Senators,4,0
06/04/2025,Detroit Red Wings,Florida Panthers,Detroit Red Wings,2,1
06/04/2025,Buffalo Sabres,Boston Bruins,Buffalo Sabres,6,3
06/04/2025,Chicago Blackhawks,Pittsburgh Penguins,Chicago Blackhawks,3,1
06/04/2025,Nashville Predators,Montréal Canadiens,Montréal Canadiens,1,2
07/04/2025,Vancouver Canucks,Vegas Golden Knights,Vegas Golden Knights,2,3
07/04/2025,New York Rangers,Tampa Bay Lightning,Tampa Bay Lightning,1,5
07/04/2025,Winnipeg Jets,St. Louis Blues,Winnipeg Jets,3,1
08/04/2025,Anaheim Ducks,Edmonton Oilers,Anaheim Ducks,3,2
08/04/2025,Los Angeles Kings,Seattle Kraken,Seattle Kraken,1,2
08/04/2025,San Jose Sharks,Calgary Flames,Calgary Flames,2,3
08/04/2025,Buffalo Sabres,Carolina Hurricanes,Buffalo Sabres,3,0
08/04/2025,Montréal Canadiens,Detroit Red Wings,Montréal Canadiens,4,1
08/04/2025,Florida Panthers,Toronto Maple Leafs,Florida Panthers,3,1
08/04/2025,New Jersey Devils,Boston Bruins,Boston Bruins,2,7
08/04/2025,Columbus Blue Jackets,Ottawa Senators,Columbus Blue Jackets,5,2
08/04/2025,Pittsburgh Penguins,Chicago Blackhawks,Pittsburgh Penguins,5,0
09/04/2025,Nashville Predators,New York Islanders,Nashville Predators,7,6
09/04/2025,Dallas Stars,Vancouver Canucks,Vancouver Canucks,5,6
09/04/2025,Utah Hockey Club,Seattle Kraken,Utah Hockey Club,7,1
09/04/2025,Colorado Avalanche,Vegas Golden Knights,Colorado Avalanche,3,2
09/04/2025,Tampa Bay Lightning,Toronto Maple Leafs,Toronto Maple Leafs,3,4
09/04/2025,New York Rangers,Philadelphia Flyers,Philadelphia Flyers,5,8
10/04/2025,Minnesota Wild,San Jose Sharks,Minnesota Wild,8,7
10/04/2025,Edmonton Oilers,St. Louis Blues,Edmonton Oilers,4,3
10/04/2025,Anaheim Ducks,Calgary Flames,Anaheim Ducks,4,3
10/04/2025,Boston Bruins,Chicago Blackhawks,Chicago Blackhawks,2,5
10/04/2025,Florida Panthers,Detroit Red Wings,Florida Panthers,4,1
10/04/2025,Columbus Blue Jackets,Buffalo Sabres,Columbus Blue Jackets,3,2
10/04/2025,Washington Capitals,Carolina Hurricanes,Washington Capitals,5,4
10/04/2025,New York Islanders,New York Rangers,New York Rangers,2,9
11/04/2025,Dallas Stars,Winnipeg Jets,Winnipeg Jets,0,4
11/04/2025,Colorado Avalanche,Vancouver Canucks,Vancouver Canucks,1,4
11/04/2025,Utah Hockey Club,Nashville Predators,Nashville Predators,3,4
11/04/2025,Vegas Golden Knights,Seattle Kraken,Vegas Golden Knights,2,1
11/04/2025,Los Angeles Kings,Anaheim Ducks,Los Angeles Kings,6,1
11/04/2025,Ottawa Senators,Montréal Canadiens,Ottawa Senators,5,2
11/04/2025,Tampa Bay Lightning,Detroit Red Wings,Detroit Red Wings,3,4
11/04/2025,New Jersey Devils,Pittsburgh Penguins,Pittsburgh Penguins,2,4
12/04/2025,Edmonton Oilers,San Jose Sharks,Edmonton Oilers,4,2
12/04/2025,Calgary Flames,Minnesota Wild,Calgary Flames,4,2
12/04/2025,Philadelphia Flyers,New York Islanders,Philadelphia Flyers,4,3
12/04/2025,Columbus Blue Jackets,Washington Capitals,Columbus Blue Jackets,7,0
12/04/2025,Carolina Hurricanes,New York Rangers,Carolina Hurricanes,7,3
12/04/2025,Los Angeles Kings,Colorado Avalanche,Los Angeles Kings,5,4
12/04/2025,Florida Panthers,Buffalo Sabres,Florida Panthers,3,2
12/04/2025,Toronto Maple Leafs,Montréal Canadiens,Toronto Maple Leafs,1,0
12/04/2025,Chicago Blackhawks,Winnipeg Jets,Winnipeg Jets,4,5
13/04/2025,Dallas Stars,Utah Hockey Club,Utah Hockey Club,3,5
13/04/2025,Vancouver Canucks,Minnesota Wild,Minnesota Wild,2,3
13/04/2025,Vegas Golden Knights,Nashville Predators,Vegas Golden Knights,5,3
13/04/2025,Seattle Kraken,St. Louis Blues,Seattle Kraken,4,3
13/04/2025,Ottawa Senators,Philadelphia Flyers,Ottawa Senators,4,3
13/04/2025,New Jersey Devils,New York Islanders,New York Islanders,0,1
13/04/2025,Pittsburgh Penguins,Boston Bruins,Boston Bruins,1,4
13/04/2025,Carolina Hurricanes,Toronto Maple Leafs,Toronto Maple Leafs,1,4
13/04/2025,Tampa Bay Lightning,Buffalo Sabres,Tampa Bay Lightning,7,4
13/04/2025,Washington Capitals,Columbus Blue Jackets,Columbus Blue Jackets,1,4
13/04/2025,Winnipeg Jets,Edmonton Oilers,Edmonton Oilers,1,4
14/04/2025,Calgary Flames,San Jose Sharks,Calgary Flames,5,2
14/04/2025,Anaheim Ducks,Colorado Avalanche,Colorado Avalanche,2,4
14/04/2025,Montréal Canadiens,Chicago Blackhawks,Chicago Blackhawks,3,4
14/04/2025,Detroit Red Wings,Dallas Stars,Detroit Red Wings,6,4
14/04/2025,Florida Panthers,New York Rangers,New York Rangers,3,5
15/04/2025,Nashville Predators,Utah Hockey Club,Utah Hockey Club,3,7
15/04/2025,Edmonton Oilers,Los Angeles Kings,Los Angeles Kings,0,5
15/04/2025,Vancouver Canucks,San Jose Sharks,Vancouver Canucks,2,1
15/04/2025,Boston Bruins,New Jersey Devils,New Jersey Devils,4,5
15/04/2025,Buffalo Sabres,Toronto Maple Leafs,Toronto Maple Leafs,0,4
15/04/2025,Ottawa Senators,Chicago Blackhawks,Chicago Blackhawks,3,4
15/04/2025,Philadelphia Flyers,Columbus Blue Jackets,Columbus Blue Jackets,0,3
15/04/2025,Tampa Bay Lightning,Florida Panthers,Tampa Bay Lightning,5,1
15/04/2025,New York Islanders,Washington Capitals,Washington Capitals,1,3
16/04/2025,St. Louis Blues,Utah Hockey Club,St. Louis Blues,6,1
16/04/2025,Minnesota Wild,Anaheim Ducks,Minnesota Wild,3,2
16/04/2025,Calgary Flames,Vegas Golden Knights,Calgary Flames,5,4
16/04/2025,Seattle Kraken,Los Angeles Kings,Los Angeles Kings,5,6
16/04/2025,Montréal Canadiens,Carolina Hurricanes,Montréal Canadiens,4,2
16/04/2025,Winnipeg Jets,Anaheim Ducks,Winnipeg Jets,2,1
16/04/2025,New Jersey Devils,Detroit Red Wings,Detroit Red Wings,2,5
17/04/2025,Nashville Predators,Dallas Stars,Nashville Predators,5,1
17/04/2025,Vancouver Canucks,Vegas Golden Knights,Vegas Golden Knights,1,4
17/04/2025,San Jose Sharks,Edmonton Oilers,Edmonton Oilers,0,3
17/04/2025,Buffalo Sabres,Philadelphia Flyers,Buffalo Sabres,5,4
17/04/2025,Toronto Maple Leafs,Detroit Red Wings,Toronto Maple Leafs,4,3
17/04/2025,Ottawa Senators,Carolina Hurricanes,Ottawa Senators,7,5
17/04/2025,New York Rangers,Tampa Bay Lightning,New York Rangers,4,0
17/04/2025,Pittsburgh Penguins,Washington Capitals,Pittsburgh Penguins,5,2
17/04/2025,Columbus Blue Jackets,New York Islanders,Columbus Blue Jackets,6,1
18/04/2025,Los Angeles Kings,Calgary Flames,Calgary Flames,1,5
19/04/2025,St. Louis Blues,Winnipeg Jets,Winnipeg Jets,3,5
19/04/2025,Colorado Avalanche,Dallas Stars,Colorado Avalanche,5,1
20/04/2025,New Jersey Devils,Carolina Hurricanes,Carolina Hurricanes,1,4
20/04/2025,Ottawa Senators,Toronto Maple Leafs,Toronto Maple Leafs,2,6
20/04/2025,Minnesota Wild,Vegas Golden Knights,Vegas Golden Knights,2,4
21/04/2025,Colorado Avalanche,Dallas Stars,Dallas Stars,3,4
21/04/2025,Edmonton Oilers,Los Angeles Kings,Los Angeles Kings,5,6
21/04/2025,St. Louis Blues,Winnipeg Jets,Winnipeg Jets,1,2
21/04/2025,Montreal Canadiens,Washington Capitals,Washington Capitals,2,3
22/04/2025,Ottawa Senators,Toronto Maple Leafs,Toronto Maple Leafs,2,3
22/04/2025,Minnesota Wild,Vegas Golden Knights,Minnesota Wild,5,2
22/04/2025,Florida Panthers,Tampa Bay Lightning,Florida Panthers,6,2
22/04/2025,New Jersey Devils,Carolina Hurricanes,Carolina Hurricanes,1,3
23/04/2025,Dallas Stars,Colorado Avalanche,Dallas Stars,2,1
23/04/2025,Edmonton Oilers,Los Angeles Kings,Los Angeles Kings,2,6
23/04/2025,Montreal Canadiens,Washington Capitals,Washington Capitals,1,3
24/04/2025,Vegas Golden Knights,Minnesota Wild,Minnesota Wild,2,5
24/04/2025,Toronto Maple Leafs,Ottawa Senators,Toronto Maple Leafs,3,2
24/04/2025,Winnipeg Jets,St. Louis Blues,St. Louis Blues,2,7
24/04/2025,Florida Panthers,Tampa Bay Lightning,Florida Panthers,2,0
25/04/2025,Washington Capitals,Montreal Canadiens,Montreal Canadiens,3,6
25/04/2025,Carolina Hurricanes,New Jersey Devils,New Jersey Devils,2,3
25/04/2025,Los Angeles Kings,Edmonton Oilers,Edmonton Oilers,4,7
26/04/2025,Dallas Stars,Colorado Avalanche,Colorado Avalanche,0,4
26/04/2025,Tampa Bay Lightning,Florida Panthers,Tampa Bay Lightning,5,1
26/04/2025,Vegas Golden Knights,Minnesota Wild,Vegas Golden Knights,4,3
26/04/2025,Toronto Maple Leafs,Ottawa Senators,Ottawa Senators,3,4
27/04/2025,Los Angeles Kings,Edmonton Oilers,Edmonton Oilers,3,4
27/04/2025,Washington Capitals,Montreal Canadiens,Washington Capitals,5,2
27/04/2025,Carolina Hurricanes,New Jersey Devils,Carolina Hurricanes,5,2
27/04/2025,Winnipeg Jets,St. Louis Blues,St. Louis Blues,1,5
28/04/2025,Tampa Bay Lightning,Florida Panthers,Florida Panthers,2,4
28/04/2025,Colorado Avalanche,Dallas Stars,Dallas Stars,2,6
29/04/2025,New Jersey Devils,Carolina Hurricanes,Carolina Hurricanes,4,5
29/04/2025,Edmonton Oilers,Los Angeles Kings,Edmonton Oilers,3,1
29/04/2025,Ottawa Senators,Toronto Maple Leafs,Ottawa Senators,4,0
29/04/2025,Minnesota Wild,Vegas Golden Knights,Vegas Golden Knights,2,3
30/04/2025,Florida Panthers,Tampa Bay Lightning,Florida Panthers,6,3
30/04/2025,St. Louis Blues,Winnipeg Jets,Winnipeg Jets,3,5
30/04/2025,Montreal Canadiens,Washington Capitals,Washington Capitals,1,4
01/05/2025,Toronto Maple Leafs,Ottawa Senators,Toronto Maple Leafs,4,2
01/05/2025,Vegas Golden Knights,Minnesota Wild,Vegas Golden Knights,3,2
01/05/2025,Dallas Stars,Colorado Avalanche,Colorado Avalanche,4,7
01/05/2025,Los Angeles Kings,Edmonton Oilers,Edmonton Oilers,4,6
02/05/2025,Winnipeg Jets,St. Louis Blues,St. Louis Blues,2,5
03/05/2025,Colorado Avalanche,Dallas Stars,Dallas Stars,2,4
04/05/2025,St. Louis Blues,Winnipeg Jets,Winnipeg Jets,3,4
05/05/2025,Florida Panthers,Toronto Maple Leafs,Toronto Maple Leafs,4,5
06/05/2025,Edmonton Oilers,Vegas Golden Knights,Edmonton Oilers,4,2
06/05/2025,Carolina Hurricanes,Washington Capitals,Carolina Hurricanes,2,1
07/05/2025,Florida Panthers,Toronto Maple Leafs,Toronto Maple Leafs,3,4
07/05/2025,Dallas Stars,Winnipeg Jets,Dallas Stars,3,2
08/05/2025,Edmonton Oilers,Vegas Golden Knights,Edmonton Oilers,5,4
08/05/2025,Carolina Hurricanes,Washington Capitals,Washington Capitals,1,3
09/05/2025,Toronto Maple Leafs,Florida Panthers,Florida Panthers,4,5
09/05/2025,Dallas Stars,Winnipeg Jets,Winnipeg Jets,0,4
10/05/2025,Washington Capitals,Carolina Hurricanes,Carolina Hurricanes,0,4
10/05/2025,Vegas Golden Knights,Edmonton Oilers,Vegas Golden Knights,4,3
11/05/2025,Winnipeg Jets,Dallas Stars,Dallas Stars,2,5
11/05/2025,Toronto Maple Leafs,Florida Panthers,Florida Panthers,0,2
12/05/2025,Washington Capitals,Carolina Hurricanes,Carolina Hurricanes,2,5
12/05/2025,Vegas Golden Knights,Edmonton Oilers,Edmonton Oilers,0,3
13/05/2025,Winnipeg Jets,Dallas Stars,Dallas Stars,1,3
14/05/2025,Edmonton Oilers,Vegas Golden Knights,Edmonton Oilers,1,0
14/05/2025,Florida Panthers,Toronto Maple Leafs,Florida Panthers,6,1
15/05/2025,Dallas Stars,Winnipeg Jets,Winnipeg Jets,0,4
15/05/2025,Carolina Hurricanes,Washington Capitals,Carolina Hurricanes,3,1
16/05/2025,Toronto Maple Leafs,Florida Panthers,Toronto Maple Leafs,2,0
17/05/2025,Winnipeg Jets,Dallas Stars,Dallas Stars,1,2
18/05/2025,Florida Panthers,Toronto Maple Leafs,Florida Panthers,6,1
20/05/2025,Florida Panthers,Carolina Hurricanes,Florida Panthers,5,2
21/05/2025,Edmonton Oilers,Dallas Stars,Dallas Stars,3,6
22/05/2025,Florida Panthers,Carolina Hurricanes,Florida Panthers,5,0
23/05/2025,Edmonton Oilers,Dallas Stars,Edmonton Oilers,3,0
24/05/2025,Carolina Hurricanes,Florida Panthers,Florida Panthers,2,6
25/05/2025,Dallas Stars,Edmonton Oilers,Edmonton Oilers,1,6
26/05/2025,Carolina Hurricanes,Florida Panthers,Carolina Hurricanes,3,0
27/05/2025,Dallas Stars,Edmonton Oilers,Edmonton Oilers,1,4
28/05/2025,Florida Panthers,Carolina Hurricanes,Florida Panthers,5,3
29/05/2025,Edmonton Oilers,Dallas Stars,Edmonton Oilers,6,3
04/06/2025,Florida Panthers,Edmonton Oilers,Edmonton Oilers,3,4
06/06/2025,Florida Panthers,Edmonton Oilers,Edmonton Oilers,,
09/06/2025,Edmonton Oilers,Florida Panthers,Florida Panthers,,
12/06/2025,Edmonton Oilers,Florida Panthers,Florida Panthers,,
14/06/2025,Florida Panthers,Edmonton Oilers,Edmonton Oilers,,
17/06/2025,Edmonton Oilers,Florida Panthers,Florida Panthers,,
20/06/2025,Florida Panthers,Edmonton Oilers,Edmonton Oilers,,