Date,Location,Home Team,Away Team,Result,Home Score,Away Score
15-08-2025 20:00,Estadio Municipal de Montilivi,Girona FC,Rayo Vallecano,Rayo Vallecano,1,3
15-08-2025 22:30,Estadio de la Cerámica,Villarreal CF,Real Oviedo,Villarreal CF,2,0
16-08-2025 20:30,Estadi Mallorca Son Moix,RCD Mallorca,FC Barcelona,FC Barcelona,0,3
16-08-2025 22:30,Mendizorroza,Deportivo Alavés,Levante UD,Deportivo Alavés,2,1
16-08-2025 22:30,Camp de Mestalla,Valencia CF,Real Sociedad,Real Sociedad,1,1
17-08-2025 18:00,Estadio ABANCA Balaídos,Celta,Getafe CF,Getafe CF,0,2
17-08-2025 20:30,Estadio San Mamés,Athletic Club,Sevilla FC,Athletic Club,3,2
17-08-2025 22:30,RCDE Stadium,RCD Espanyol de Barcelona,Atlético de Madrid,RCD Espanyol de Barcelona,2,1
18-08-2025 22:00,Estadio Martínez Valero,Elche CF,Real Betis,Real Betis,1,1
19-08-2025 22:00,Estadio Santiago Bernabéu,Real Madrid,CA Osasuna,Real Madrid,1,0
22-08-2025 22:30,Estadio Olímpico de la Cartuja,Real Betis,Deportivo Alavés,Real Betis,1,0
23-08-2025 18:00,Estadi Mallorca Son Moix,RCD Mallorca,Celta,Celta,1,1
23-08-2025 20:30,Riyadh Air Metropolitano,Atlético de Madrid,Elche CF,Elche CF,1,1
23-08-2025 22:30,Estadio Ciutat de València,Levante UD,FC Barcelona,FC Barcelona,2,3
24-08-2025 18:00,Estadio El Sadar,CA Osasuna,Valencia CF,CA Osasuna,1,0
24-08-2025 20:30,Anoeta,Real Sociedad,RCD Espanyol de Barcelona,RCD Espanyol de Barcelona,2,2
24-08-2025 20:30,Estadio de la Cerámica,Villarreal CF,Girona FC,Villarreal CF,5,0
24-08-2025 22:30,Estadio Carlos Tartiere,Real Oviedo,Real Madrid,Real Madrid,0,3
25-08-2025 20:30,Estadio San Mamés,Athletic Club,Rayo Vallecano,Athletic Club,1,0
25-08-2025 22:30,Ramón Sánchez-Pizjuán,Sevilla FC,Getafe CF,Getafe CF,1,2
29-08-2025 20:30,Estadio Martínez Valero,Elche CF,Levante UD,Elche CF,2,0
29-08-2025 22:30,Camp de Mestalla,Valencia CF,Getafe CF,Valencia CF,3,0
30-08-2025 18:00,Mendizorroza,Deportivo Alavés,Atlético de Madrid,Atlético de Madrid,1,1
30-08-2025 20:00,Estadio Carlos Tartiere,Real Oviedo,Real Sociedad,Real Oviedo,1,0
30-08-2025 20:30,Estadio Municipal de Montilivi,Girona FC,Sevilla FC,Sevilla FC,0,2
30-08-2025 22:30,Estadio Santiago Bernabéu,Real Madrid,RCD Mallorca,Real Madrid,2,1
31-08-2025 18:00,Estadio ABANCA Balaídos,Celta,Villarreal CF,Villarreal CF,1,1
31-08-2025 20:00,Estadio Olímpico de la Cartuja,Real Betis,Athletic Club,Athletic Club,1,2
31-08-2025 20:30,RCDE Stadium,RCD Espanyol de Barcelona,CA Osasuna,RCD Espanyol de Barcelona,1,0
31-08-2025 22:30,Estadio de Vallecas,Rayo Vallecano,FC Barcelona,FC Barcelona,1,1
12-09-2025 22:00,Ramón Sánchez-Pizjuán,Sevilla FC,Elche CF,Elche CF,2,2
13-09-2025 15:00,Coliseum,Getafe CF,Real Oviedo,Getafe CF,2,0
13-09-2025 17:15,Anoeta,Real Sociedad,Real Madrid,Real Madrid,1,2
13-09-2025 19:30,Estadio San Mamés,Athletic Club,Deportivo Alavés,Deportivo Alavés,0,1
13-09-2025 22:00,Riyadh Air Metropolitano,Atlético de Madrid,Villarreal CF,Atlético de Madrid,2,0
14-09-2025 15:00,Estadio ABANCA Balaídos,Celta,Girona FC,Girona FC,1,1
14-09-2025 17:15,Estadio Ciutat de València,Levante UD,Real Betis,Real Betis,2,2
14-09-2025 19:30,Estadio El Sadar,CA Osasuna,Rayo Vallecano,CA Osasuna,2,0
14-09-2025 22:00,Estadi Johan Cruyff,FC Barcelona,Valencia CF,FC Barcelona,6,0
15-09-2025 22:00,RCDE Stadium,RCD Espanyol de Barcelona,RCD Mallorca,RCD Espanyol de Barcelona,3,2
19-09-2025 22:00,Estadio Olímpico de la Cartuja,Real Betis,Real Sociedad,Real Betis,3,1
20-09-2025 15:00,Estadio Municipal de Montilivi,Girona FC,Levante UD,,,
20-09-2025 17:15,Estadio Santiago Bernabéu,Real Madrid,RCD Espanyol de Barcelona,,,
20-09-2025 19:30,Mendizorroza,Deportivo Alavés,Sevilla FC,,,
20-09-2025 19:30,Estadio de la Cerámica,Villarreal CF,CA Osasuna,,,
20-09-2025 22:00,Camp de Mestalla,Valencia CF,Athletic Club,,,
21-09-2025 15:00,Estadio de Vallecas,Rayo Vallecano,Celta,,,
21-09-2025 17:15,Estadi Mallorca Son Moix,RCD Mallorca,Atlético de Madrid,,,
21-09-2025 19:15,Estadio Martínez Valero,Elche CF,Real Oviedo,,,
21-09-2025 22:00,TBA,FC Barcelona,Getafe CF,,,
27-08-2025 22:00,Estadio ABANCA Balaídos,Celta,Real Betis,,,
23-09-2025 20:00,Estadio San Mamés,Athletic Club,Girona FC,,,
23-09-2025 20:00,RCDE Stadium,RCD Espanyol de Barcelona,Valencia CF,,,
23-09-2025 22:30,Estadio Ciutat de València,Levante UD,Real Madrid,,,
23-09-2025 22:30,Ramón Sánchez-Pizjuán,Sevilla FC,Villarreal CF,,,
24-09-2025 20:00,Coliseum,Getafe CF,Deportivo Alavés,,,
24-09-2025 22:30,Riyadh Air Metropolitano,Atlético de Madrid,Rayo Vallecano,,,
24-09-2025 22:30,Anoeta,Real Sociedad,RCD Mallorca,,,
25-09-2025 20:30,Estadio El Sadar,CA Osasuna,Elche CF,,,
25-09-2025 22:30,Estadio Carlos Tartiere,Real Oviedo,FC Barcelona,,,
26-09-2025 22:00,Estadio Municipal de Montilivi,Girona FC,RCD Espanyol de Barcelona,,,
27-09-2025 15:00,Coliseum,Getafe CF,Levante UD,,,
27-09-2025 17:15,Riyadh Air Metropolitano,Atlético de Madrid,Real Madrid,,,
27-09-2025 19:30,Estadi Mallorca Son Moix,RCD Mallorca,Deportivo Alavés,,,
27-09-2025 22:00,Estadio de la Cerámica,Villarreal CF,Athletic Club,,,
28-09-2025 15:00,Estadio de Vallecas,Rayo Vallecano,Sevilla FC,,,
28-09-2025 17:15,Estadio Martínez Valero,Elche CF,Celta,,,
28-09-2025 19:30,Estadio Olímpico de la Cartuja,Real Betis,CA Osasuna,,,
28-09-2025 22:00,TBA,FC Barcelona,Real Sociedad,,,
29-09-2025 22:00,Camp de Mestalla,Valencia CF,Real Oviedo,,,
03-10-2025 22:00,Estadio El Sadar,CA Osasuna,Getafe CF,,,
04-10-2025 15:00,Estadio Carlos Tartiere,Real Oviedo,Levante UD,,,
04-10-2025 17:15,Estadio Municipal de Montilivi,Girona FC,Valencia CF,,,
04-10-2025 19:30,Estadio San Mamés,Athletic Club,RCD Mallorca,,,
04-10-2025 22:00,Estadio Santiago Bernabéu,Real Madrid,Villarreal CF,,,
05-10-2025 15:00,Mendizorroza,Deportivo Alavés,Elche CF,,,
05-10-2025 17:15,Ramón Sánchez-Pizjuán,Sevilla FC,FC Barcelona,,,
05-10-2025 19:30,RCDE Stadium,RCD Espanyol de Barcelona,Real Betis,,,
05-10-2025 19:30,Anoeta,Real Sociedad,Rayo Vallecano,,,
05-10-2025 22:00,Estadio ABANCA Balaídos,Celta,Atlético de Madrid,,,
17-10-2025 22:00,Estadio Carlos Tartiere,Real Oviedo,RCD Espanyol de Barcelona,,,
18-10-2025 15:00,Ramón Sánchez-Pizjuán,Sevilla FC,RCD Mallorca,,,
18-10-2025 17:15,TBA,FC Barcelona,Girona FC,,,
18-10-2025 19:30,Estadio de la Cerámica,Villarreal CF,Real Betis,,,
18-10-2025 22:00,Riyadh Air Metropolitano,Atlético de Madrid,CA Osasuna,,,
19-10-2025 15:00,Estadio Martínez Valero,Elche CF,Athletic Club,,,
19-10-2025 17:15,Estadio ABANCA Balaídos,Celta,Real Sociedad,,,
19-10-2025 19:30,Estadio Ciutat de València,Levante UD,Rayo Vallecano,,,
19-10-2025 22:00,Coliseum,Getafe CF,Real Madrid,,,
20-10-2025 22:00,Mendizorroza,Deportivo Alavés,Valencia CF,,,
26-10-2025 22:00,Estadio San Mamés,Athletic Club,Getafe CF,,,
26-10-2025 22:00,Estadio Municipal de Montilivi,Girona FC,Real Oviedo,,,
26-10-2025 22:00,Anoeta,Real Sociedad,Sevilla FC,,,
26-10-2025 22:00,Camp de Mestalla,Valencia CF,Villarreal CF,,,
26-10-2025 22:00,Estadio de Vallecas,Rayo Vallecano,Deportivo Alavés,,,
26-10-2025 22:00,Estadio Olímpico de la Cartuja,Real Betis,Atlético de Madrid,,,
26-10-2025 22:00,Estadio Santiago Bernabéu,Real Madrid,FC Barcelona,,,
26-10-2025 22:00,Estadio El Sadar,CA Osasuna,Celta,,,
26-10-2025 22:00,RCDE Stadium,RCD Espanyol de Barcelona,Elche CF,,,
26-10-2025 22:00,Estadi Mallorca Son Moix,RCD Mallorca,Levante UD,,,
02-11-2025 22:00,Mendizorroza,Deportivo Alavés,RCD Espanyol de Barcelona,,,
02-11-2025 22:00,Riyadh Air Metropolitano,Atlético de Madrid,Sevilla FC,,,
02-11-2025 22:00,Spotify Camp Nou,FC Barcelona,Elche CF,,,
02-11-2025 22:00,Estadio Olímpico de la Cartuja,Real Betis,RCD Mallorca,,,
02-11-2025 22:00,Coliseum,Getafe CF,Girona FC,,,
02-11-2025 22:00,Estadio Santiago Bernabéu,Real Madrid,Valencia CF,,,
02-11-2025 22:00,Anoeta,Real Sociedad,Athletic Club,,,
02-11-2025 22:00,Estadio Ciutat de València,Levante UD,Celta,,,
02-11-2025 22:00,Estadio Carlos Tartiere,Real Oviedo,CA Osasuna,,,
02-11-2025 22:00,Estadio de la Cerámica,Villarreal CF,Rayo Vallecano,,,
09-11-2025 22:00,Estadio San Mamés,Athletic Club,Real Oviedo,,,
09-11-2025 22:00,Riyadh Air Metropolitano,Atlético de Madrid,Levante UD,,,
09-11-2025 22:00,Estadio Martínez Valero,Elche CF,Real Sociedad,,,
09-11-2025 22:00,RCDE Stadium,RCD Espanyol de Barcelona,Villarreal CF,,,
09-11-2025 22:00,Estadio de Vallecas,Rayo Vallecano,Real Madrid,,,
09-11-2025 22:00,Estadio Municipal de Montilivi,Girona FC,Deportivo Alavés,,,
09-11-2025 22:00,Estadio ABANCA Balaídos,Celta,FC Barcelona,,,
09-11-2025 22:00,Camp de Mestalla,Valencia CF,Real Betis,,,
09-11-2025 22:00,Estadi Mallorca Son Moix,RCD Mallorca,Getafe CF,,,
09-11-2025 22:00,Ramón Sánchez-Pizjuán,Sevilla FC,CA Osasuna,,,
23-11-2025 22:00,Mendizorroza,Deportivo Alavés,Celta,,,
23-11-2025 22:00,Estadio Olímpico de la Cartuja,Real Betis,Girona FC,,,
23-11-2025 22:00,Estadio Martínez Valero,Elche CF,Real Madrid,,,
23-11-2025 22:00,RCDE Stadium,RCD Espanyol de Barcelona,Sevilla FC,,,
23-11-2025 22:00,Estadio El Sadar,CA Osasuna,Real Sociedad,,,
23-11-2025 22:00,Estadio Carlos Tartiere,Real Oviedo,Rayo Vallecano,,,
23-11-2025 22:00,Spotify Camp Nou,FC Barcelona,Athletic Club,,,
23-11-2025 22:00,Coliseum,Getafe CF,Atlético de Madrid,,,
23-11-2025 22:00,Camp de Mestalla,Valencia CF,Levante UD,,,
23-11-2025 22:00,Estadio de la Cerámica,Villarreal CF,RCD Mallorca,,,
30-11-2025 22:00,Riyadh Air Metropolitano,Atlético de Madrid,Real Oviedo,,,
30-11-2025 22:00,Estadio ABANCA Balaídos,Celta,RCD Espanyol de Barcelona,,,
30-11-2025 22:00,Estadio Municipal de Montilivi,Girona FC,Real Madrid,,,
30-11-2025 22:00,Estadi Mallorca Son Moix,RCD Mallorca,CA Osasuna,,,
30-11-2025 22:00,Estadio de Vallecas,Rayo Vallecano,Valencia CF,,,
30-11-2025 22:00,Anoeta,Real Sociedad,Villarreal CF,,,
30-11-2025 22:00,Spotify Camp Nou,FC Barcelona,Deportivo Alavés,,,
30-11-2025 22:00,Estadio Ciutat de València,Levante UD,Athletic Club,,,
30-11-2025 22:00,Ramón Sánchez-Pizjuán,Sevilla FC,Real Betis,,,
30-11-2025 22:00,Coliseum,Getafe CF,Elche CF,,,
07-12-2025 22:00,Mendizorroza,Deportivo Alavés,Real Sociedad,,,
07-12-2025 22:00,Estadio San Mamés,Athletic Club,Atlético de Madrid,,,
07-12-2025 22:00,Estadio Martínez Valero,Elche CF,Girona FC,,,
07-12-2025 22:00,RCDE Stadium,RCD Espanyol de Barcelona,Rayo Vallecano,,,
07-12-2025 22:00,Estadio Olímpico de la Cartuja,Real Betis,FC Barcelona,,,
07-12-2025 22:00,Estadio Santiago Bernabéu,Real Madrid,Celta,,,
07-12-2025 22:00,Estadio de la Cerámica,Villarreal CF,Getafe CF,,,
07-12-2025 22:00,Estadio El Sadar,CA Osasuna,Levante UD,,,
07-12-2025 22:00,Estadio Carlos Tartiere,Real Oviedo,RCD Mallorca,,,
07-12-2025 22:00,Camp de Mestalla,Valencia CF,Sevilla FC,,,
14-12-2025 22:00,Mendizorroza,Deportivo Alavés,Real Madrid,,,
14-12-2025 22:00,Riyadh Air Metropolitano,Atlético de Madrid,Valencia CF,,,
14-12-2025 22:00,Spotify Camp Nou,FC Barcelona,CA Osasuna,,,
14-12-2025 22:00,Estadio Ciutat de València,Levante UD,Villarreal CF,,,
14-12-2025 22:00,Estadio ABANCA Balaídos,Celta,Athletic Club,,,
14-12-2025 22:00,Estadio de Vallecas,Rayo Vallecano,Real Betis,,,
14-12-2025 22:00,Estadi Mallorca Son Moix,RCD Mallorca,Elche CF,,,
14-12-2025 22:00,Coliseum,Getafe CF,RCD Espanyol de Barcelona,,,
14-12-2025 22:00,Anoeta,Real Sociedad,Girona FC,,,
14-12-2025 22:00,Ramón Sánchez-Pizjuán,Sevilla FC,Real Oviedo,,,
21-12-2025 22:00,Estadio San Mamés,Athletic Club,RCD Espanyol de Barcelona,,,
21-12-2025 22:00,Estadio Olímpico de la Cartuja,Real Betis,Getafe CF,,,
21-12-2025 22:00,Estadio Martínez Valero,Elche CF,Rayo Vallecano,,,
21-12-2025 22:00,Estadio Ciutat de València,Levante UD,Real Sociedad,,,
21-12-2025 22:00,Estadio Santiago Bernabéu,Real Madrid,Sevilla FC,,,
21-12-2025 22:00,Estadio El Sadar,CA Osasuna,Deportivo Alavés,,,
21-12-2025 22:00,Estadio Municipal de Montilivi,Girona FC,Atlético de Madrid,,,
21-12-2025 22:00,Estadio de la Cerámica,Villarreal CF,FC Barcelona,,,
21-12-2025 22:00,Estadio Carlos Tartiere,Real Oviedo,Celta,,,
21-12-2025 22:00,Camp de Mestalla,Valencia CF,RCD Mallorca,,,
04-01-2026 22:00,Mendizorroza,Deportivo Alavés,Real Oviedo,,,
04-01-2026 22:00,Estadio ABANCA Balaídos,Celta,Valencia CF,,,
04-01-2026 22:00,Estadio Martínez Valero,Elche CF,Villarreal CF,,,
04-01-2026 22:00,Estadio El Sadar,CA Osasuna,Athletic Club,,,
04-01-2026 22:00,Anoeta,Real Sociedad,Atlético de Madrid,,,
04-01-2026 22:00,RCDE Stadium,RCD Espanyol de Barcelona,FC Barcelona,,,
04-01-2026 22:00,Estadio Santiago Bernabéu,Real Madrid,Real Betis,,,
04-01-2026 22:00,Estadio de Vallecas,Rayo Vallecano,Getafe CF,,,
04-01-2026 22:00,Estadi Mallorca Son Moix,RCD Mallorca,Girona FC,,,
04-01-2026 22:00,Ramón Sánchez-Pizjuán,Sevilla FC,Levante UD,,,
11-01-2026 22:00,Estadio San Mamés,Athletic Club,Real Madrid,,,
11-01-2026 22:00,Coliseum,Getafe CF,Real Sociedad,,,
11-01-2026 22:00,Estadio Municipal de Montilivi,Girona FC,CA Osasuna,,,
11-01-2026 22:00,Estadio de la Cerámica,Villarreal CF,Deportivo Alavés,,,
11-01-2026 22:00,Spotify Camp Nou,FC Barcelona,Atlético de Madrid,,,
11-01-2026 22:00,Estadio Carlos Tartiere,Real Oviedo,Real Betis,,,
11-01-2026 22:00,Ramón Sánchez-Pizjuán,Sevilla FC,Celta,,,
11-01-2026 22:00,Camp de Mestalla,Valencia CF,Elche CF,,,
11-01-2026 22:00,Estadio Ciutat de València,Levante UD,RCD Espanyol de Barcelona,,,
11-01-2026 22:00,Estadio de Vallecas,Rayo Vallecano,RCD Mallorca,,,
18-01-2026 22:00,Estadio Olímpico de la Cartuja,Real Betis,Villarreal CF,,,
18-01-2026 22:00,Estadio ABANCA Balaídos,Celta,Rayo Vallecano,,,
18-01-2026 22:00,Estadio Martínez Valero,Elche CF,Sevilla FC,,,
18-01-2026 22:00,RCDE Stadium,RCD Espanyol de Barcelona,Girona FC,,,
18-01-2026 22:00,Coliseum,Getafe CF,Valencia CF,,,
18-01-2026 22:00,Estadio El Sadar,CA Osasuna,Real Oviedo,,,
18-01-2026 22:00,Riyadh Air Metropolitano,Atlético de Madrid,Deportivo Alavés,,,
18-01-2026 22:00,Estadi Mallorca Son Moix,RCD Mallorca,Athletic Club,,,
18-01-2026 22:00,Anoeta,Real Sociedad,FC Barcelona,,,
18-01-2026 22:00,Estadio Santiago Bernabéu,Real Madrid,Levante UD,,,
25-01-2026 22:00,Mendizorroza,Deportivo Alavés,Real Betis,,,
25-01-2026 22:00,Riyadh Air Metropolitano,Atlético de Madrid,RCD Mallorca,,,
25-01-2026 22:00,Spotify Camp Nou,FC Barcelona,Real Oviedo,,,
25-01-2026 22:00,Ramón Sánchez-Pizjuán,Sevilla FC,Athletic Club,,,
25-01-2026 22:00,Anoeta,Real Sociedad,Celta,,,
25-01-2026 22:00,Estadio Ciutat de València,Levante UD,Elche CF,,,
25-01-2026 22:00,Camp de Mestalla,Valencia CF,RCD Espanyol de Barcelona,,,
25-01-2026 22:00,Estadio Municipal de Montilivi,Girona FC,Getafe CF,,,
25-01-2026 22:00,Estadio de Vallecas,Rayo Vallecano,CA Osasuna,,,
25-01-2026 22:00,Estadio de la Cerámica,Villarreal CF,Real Madrid,,,
01-02-2026 22:00,Estadio San Mamés,Athletic Club,Real Sociedad,,,
01-02-2026 22:00,Estadio Olímpico de la Cartuja,Real Betis,Valencia CF,,,
01-02-2026 22:00,Estadi Mallorca Son Moix,RCD Mallorca,Sevilla FC,,,
01-02-2026 22:00,Estadio El Sadar,CA Osasuna,Villarreal CF,,,
01-02-2026 22:00,RCDE Stadium,RCD Espanyol de Barcelona,Deportivo Alavés,,,
01-02-2026 22:00,Estadio Ciutat de València,Levante UD,Atlético de Madrid,,,
01-02-2026 22:00,Estadio Martínez Valero,Elche CF,FC Barcelona,,,
01-02-2026 22:00,Coliseum,Getafe CF,Celta,,,
01-02-2026 22:00,Estadio Carlos Tartiere,Real Oviedo,Girona FC,,,
01-02-2026 22:00,Estadio Santiago Bernabéu,Real Madrid,Rayo Vallecano,,,
08-02-2026 22:00,Mendizorroza,Deportivo Alavés,Getafe CF,,,
08-02-2026 22:00,Estadio San Mamés,Athletic Club,Levante UD,,,
08-02-2026 22:00,Riyadh Air Metropolitano,Atlético de Madrid,Real Betis,,,
08-02-2026 22:00,Spotify Camp Nou,FC Barcelona,RCD Mallorca,,,
08-02-2026 22:00,Estadio ABANCA Balaídos,Celta,CA Osasuna,,,
08-02-2026 22:00,Anoeta,Real Sociedad,Elche CF,,,
08-02-2026 22:00,Estadio de la Cerámica,Villarreal CF,RCD Espanyol de Barcelona,,,
08-02-2026 22:00,Ramón Sánchez-Pizjuán,Sevilla FC,Girona FC,,,
08-02-2026 22:00,Camp de Mestalla,Valencia CF,Real Madrid,,,
08-02-2026 22:00,Estadio de Vallecas,Rayo Vallecano,Real Oviedo,,,
15-02-2026 22:00,Estadio Martínez Valero,Elche CF,CA Osasuna,,,
15-02-2026 22:00,Coliseum,Getafe CF,Villarreal CF,,,
15-02-2026 22:00,Estadio Ciutat de València,Levante UD,Valencia CF,,,
15-02-2026 22:00,Estadio Santiago Bernabéu,Real Madrid,Real Sociedad,,,
15-02-2026 22:00,Ramón Sánchez-Pizjuán,Sevilla FC,Deportivo Alavés,,,
15-02-2026 22:00,Estadio Carlos Tartiere,Real Oviedo,Athletic Club,,,
15-02-2026 22:00,Estadio de Vallecas,Rayo Vallecano,Atlético de Madrid,,,
15-02-2026 22:00,Estadio Municipal de Montilivi,Girona FC,FC Barcelona,,,
15-02-2026 22:00,Estadi Mallorca Son Moix,RCD Mallorca,Real Betis,,,
15-02-2026 22:00,RCDE Stadium,RCD Espanyol de Barcelona,Celta,,,
22-02-2026 22:00,Mendizorroza,Deportivo Alavés,Girona FC,,,
22-02-2026 22:00,Estadio San Mamés,Athletic Club,Elche CF,,,
22-02-2026 22:00,Riyadh Air Metropolitano,Atlético de Madrid,RCD Espanyol de Barcelona,,,
22-02-2026 22:00,Spotify Camp Nou,FC Barcelona,Levante UD,,,
22-02-2026 22:00,Estadio Olímpico de la Cartuja,Real Betis,Rayo Vallecano,,,
22-02-2026 22:00,Estadio ABANCA Balaídos,Celta,RCD Mallorca,,,
22-02-2026 22:00,Coliseum,Getafe CF,Sevilla FC,,,
22-02-2026 22:00,Estadio El Sadar,CA Osasuna,Real Madrid,,,
22-02-2026 22:00,Estadio de la Cerámica,Villarreal CF,Valencia CF,,,
22-02-2026 22:00,Anoeta,Real Sociedad,Real Oviedo,,,
01-03-2026 22:00,Spotify Camp Nou,FC Barcelona,Villarreal CF,,,
01-03-2026 22:00,Estadio Olímpico de la Cartuja,Real Betis,Sevilla FC,,,
01-03-2026 22:00,Estadio Martínez Valero,Elche CF,RCD Espanyol de Barcelona,,,
01-03-2026 22:00,Estadi Mallorca Son Moix,RCD Mallorca,Real Sociedad,,,
01-03-2026 22:00,Estadio Ciutat de València,Levante UD,Deportivo Alavés,,,
01-03-2026 22:00,Estadio de Vallecas,Rayo Vallecano,Athletic Club,,,
01-03-2026 22:00,Estadio Carlos Tartiere,Real Oviedo,Atlético de Madrid,,,
01-03-2026 22:00,Estadio Municipal de Montilivi,Girona FC,Celta,,,
01-03-2026 22:00,Estadio Santiago Bernabéu,Real Madrid,Getafe CF,,,
01-03-2026 22:00,Camp de Mestalla,Valencia CF,CA Osasuna,,,
08-03-2026 22:00,Estadio San Mamés,Athletic Club,FC Barcelona,,,
08-03-2026 22:00,Riyadh Air Metropolitano,Atlético de Madrid,Real Sociedad,,,
08-03-2026 22:00,Estadio ABANCA Balaídos,Celta,Real Madrid,,,
08-03-2026 22:00,RCDE Stadium,RCD Espanyol de Barcelona,Real Oviedo,,,
08-03-2026 22:00,Camp de Mestalla,Valencia CF,Deportivo Alavés,,,
08-03-2026 22:00,Coliseum,Getafe CF,Real Betis,,,
08-03-2026 22:00,Estadio de la Cerámica,Villarreal CF,Elche CF,,,
08-03-2026 22:00,Estadio Ciutat de València,Levante UD,Girona FC,,,
08-03-2026 22:00,Estadio El Sadar,CA Osasuna,RCD Mallorca,,,
08-03-2026 22:00,Ramón Sánchez-Pizjuán,Sevilla FC,Rayo Vallecano,,,
15-03-2026 22:00,Mendizorroza,Deportivo Alavés,Villarreal CF,,,
15-03-2026 22:00,Riyadh Air Metropolitano,Atlético de Madrid,Getafe CF,,,
15-03-2026 22:00,Spotify Camp Nou,FC Barcelona,Sevilla FC,,,
15-03-2026 22:00,Estadio Olímpico de la Cartuja,Real Betis,Celta,,,
15-03-2026 22:00,Estadio Carlos Tartiere,Real Oviedo,Valencia CF,,,
15-03-2026 22:00,Estadio Municipal de Montilivi,Girona FC,Athletic Club,,,
15-03-2026 22:00,Estadio Santiago Bernabéu,Real Madrid,Elche CF,,,
15-03-2026 22:00,Estadi Mallorca Son Moix,RCD Mallorca,RCD Espanyol de Barcelona,,,
15-03-2026 22:00,Estadio de Vallecas,Rayo Vallecano,Levante UD,,,
15-03-2026 22:00,Anoeta,Real Sociedad,CA Osasuna,,,
22-03-2026 22:00,Estadio San Mamés,Athletic Club,Real Betis,,,
22-03-2026 22:00,Spotify Camp Nou,FC Barcelona,Rayo Vallecano,,,
22-03-2026 22:00,Estadio Martínez Valero,Elche CF,RCD Mallorca,,,
22-03-2026 22:00,RCDE Stadium,RCD Espanyol de Barcelona,Getafe CF,,,
22-03-2026 22:00,Estadio Ciutat de València,Levante UD,Real Oviedo,,,
22-03-2026 22:00,Ramón Sánchez-Pizjuán,Sevilla FC,Valencia CF,,,
22-03-2026 22:00,Estadio ABANCA Balaídos,Celta,Deportivo Alavés,,,
22-03-2026 22:00,Estadio Santiago Bernabéu,Real Madrid,Atlético de Madrid,,,
22-03-2026 22:00,Estadio El Sadar,CA Osasuna,Girona FC,,,
22-03-2026 22:00,Estadio de la Cerámica,Villarreal CF,Real Sociedad,,,
05-04-2026 22:00,Mendizorroza,Deportivo Alavés,CA Osasuna,,,
05-04-2026 22:00,Riyadh Air Metropolitano,Atlético de Madrid,FC Barcelona,,,
05-04-2026 22:00,Estadio Olímpico de la Cartuja,Real Betis,RCD Espanyol de Barcelona,,,
05-04-2026 22:00,Estadio Municipal de Montilivi,Girona FC,Villarreal CF,,,
05-04-2026 22:00,Estadi Mallorca Son Moix,RCD Mallorca,Real Madrid,,,
05-04-2026 22:00,Estadio Carlos Tartiere,Real Oviedo,Sevilla FC,,,
05-04-2026 22:00,Coliseum,Getafe CF,Athletic Club,,,
05-04-2026 22:00,Camp de Mestalla,Valencia CF,Celta,,,
05-04-2026 22:00,Estadio de Vallecas,Rayo Vallecano,Elche CF,,,
05-04-2026 22:00,Anoeta,Real Sociedad,Levante UD,,,
12-04-2026 22:00,Estadio San Mamés,Athletic Club,Villarreal CF,,,
12-04-2026 22:00,Spotify Camp Nou,FC Barcelona,RCD Espanyol de Barcelona,,,
12-04-2026 22:00,Estadio ABANCA Balaídos,Celta,Real Oviedo,,,
12-04-2026 22:00,Estadio Martínez Valero,Elche CF,Valencia CF,,,
12-04-2026 22:00,Estadi Mallorca Son Moix,RCD Mallorca,Rayo Vallecano,,,
12-04-2026 22:00,Anoeta,Real Sociedad,Deportivo Alavés,,,
12-04-2026 22:00,Ramón Sánchez-Pizjuán,Sevilla FC,Atlético de Madrid,,,
12-04-2026 22:00,Estadio El Sadar,CA Osasuna,Real Betis,,,
12-04-2026 22:00,Estadio Ciutat de València,Levante UD,Getafe CF,,,
12-04-2026 22:00,Estadio Santiago Bernabéu,Real Madrid,Girona FC,,,
19-04-2026 22:00,Mendizorroza,Deportivo Alavés,RCD Mallorca,,,
19-04-2026 22:00,Estadio Olímpico de la Cartuja,Real Betis,Real Madrid,,,
19-04-2026 22:00,RCDE Stadium,RCD Espanyol de Barcelona,Levante UD,,,
19-04-2026 22:00,Estadio El Sadar,CA Osasuna,Sevilla FC,,,
19-04-2026 22:00,Estadio de Vallecas,Rayo Vallecano,Real Sociedad,,,
19-04-2026 22:00,Riyadh Air Metropolitano,Atlético de Madrid,Athletic Club,,,
19-04-2026 22:00,Coliseum,Getafe CF,FC Barcelona,,,
19-04-2026 22:00,Estadio de la Cerámica,Villarreal CF,Celta,,,
19-04-2026 22:00,Estadio Carlos Tartiere,Real Oviedo,Elche CF,,,
19-04-2026 22:00,Camp de Mestalla,Valencia CF,Girona FC,,,
22-04-2026 22:00,Estadio San Mamés,Athletic Club,CA Osasuna,,,
22-04-2026 22:00,Spotify Camp Nou,FC Barcelona,Celta,,,
22-04-2026 22:00,Estadio Ciutat de València,Levante UD,Sevilla FC,,,
22-04-2026 22:00,Estadi Mallorca Son Moix,RCD Mallorca,Valencia CF,,,
22-04-2026 22:00,Estadio Carlos Tartiere,Real Oviedo,Villarreal CF,,,
22-04-2026 22:00,Estadio Santiago Bernabéu,Real Madrid,Deportivo Alavés,,,
22-04-2026 22:00,Estadio Martínez Valero,Elche CF,Atlético de Madrid,,,
22-04-2026 22:00,Estadio Municipal de Montilivi,Girona FC,Real Betis,,,
22-04-2026 22:00,Estadio de Vallecas,Rayo Vallecano,RCD Espanyol de Barcelona,,,
22-04-2026 22:00,Anoeta,Real Sociedad,Getafe CF,,,
03-05-2026 22:00,Mendizorroza,Deportivo Alavés,Athletic Club,,,
03-05-2026 22:00,Estadio Olímpico de la Cartuja,Real Betis,Real Oviedo,,,
03-05-2026 22:00,Estadio ABANCA Balaídos,Celta,Elche CF,,,
03-05-2026 22:00,RCDE Stadium,RCD Espanyol de Barcelona,Real Madrid,,,
03-05-2026 22:00,Coliseum,Getafe CF,Rayo Vallecano,,,
03-05-2026 22:00,Estadio Municipal de Montilivi,Girona FC,RCD Mallorca,,,
03-05-2026 22:00,Camp de Mestalla,Valencia CF,Atlético de Madrid,,,
03-05-2026 22:00,Estadio El Sadar,CA Osasuna,FC Barcelona,,,
03-05-2026 22:00,Estadio de la Cerámica,Villarreal CF,Levante UD,,,
03-05-2026 22:00,Ramón Sánchez-Pizjuán,Sevilla FC,Real Sociedad,,,
10-05-2026 22:00,Estadio San Mamés,Athletic Club,Valencia CF,,,
10-05-2026 22:00,Riyadh Air Metropolitano,Atlético de Madrid,Celta,,,
10-05-2026 22:00,Spotify Camp Nou,FC Barcelona,Real Madrid,,,
10-05-2026 22:00,Estadio Ciutat de València,Levante UD,CA Osasuna,,,
10-05-2026 22:00,Estadi Mallorca Son Moix,RCD Mallorca,Villarreal CF,,,
10-05-2026 22:00,Estadio Martínez Valero,Elche CF,Deportivo Alavés,,,
10-05-2026 22:00,Anoeta,Real Sociedad,Real Betis,,,
10-05-2026 22:00,Ramón Sánchez-Pizjuán,Sevilla FC,RCD Espanyol de Barcelona,,,
10-05-2026 22:00,Estadio Carlos Tartiere,Real Oviedo,Getafe CF,,,
10-05-2026 22:00,Estadio de Vallecas,Rayo Vallecano,Girona FC,,,
13-05-2026 22:00,Mendizorroza,Deportivo Alavés,FC Barcelona,,,
13-05-2026 22:00,Estadio Olímpico de la Cartuja,Real Betis,Elche CF,,,
13-05-2026 22:00,Estadio ABANCA Balaídos,Celta,Levante UD,,,
13-05-2026 22:00,Coliseum,Getafe CF,RCD Mallorca,,,
13-05-2026 22:00,Estadio Municipal de Montilivi,Girona FC,Real Sociedad,,,
13-05-2026 22:00,RCDE Stadium,RCD Espanyol de Barcelona,Athletic Club,,,
13-05-2026 22:00,Estadio El Sadar,CA Osasuna,Atlético de Madrid,,,
13-05-2026 22:00,Camp de Mestalla,Valencia CF,Rayo Vallecano,,,
13-05-2026 22:00,Estadio de la Cerámica,Villarreal CF,Sevilla FC,,,
13-05-2026 22:00,Estadio Santiago Bernabéu,Real Madrid,Real Oviedo,,,
17-05-2026 22:00,Estadio San Mamés,Athletic Club,Celta,,,
17-05-2026 22:00,Riyadh Air Metropolitano,Atlético de Madrid,Girona FC,,,
17-05-2026 22:00,Spotify Camp Nou,FC Barcelona,Real Betis,,,
17-05-2026 22:00,Estadio Martínez Valero,Elche CF,Getafe CF,,,
17-05-2026 22:00,Estadio Ciutat de València,Levante UD,RCD Mallorca,,,
17-05-2026 22:00,Estadio de Vallecas,Rayo Vallecano,Villarreal CF,,,
17-05-2026 22:00,Anoeta,Real Sociedad,Valencia CF,,,
17-05-2026 22:00,Estadio Carlos Tartiere,Real Oviedo,Deportivo Alavés,,,
17-05-2026 22:00,Estadio El Sadar,CA Osasuna,RCD Espanyol de Barcelona,,,
17-05-2026 22:00,Ramón Sánchez-Pizjuán,Sevilla FC,Real Madrid,,,
24-05-2026 22:00,Mendizorroza,Deportivo Alavés,Rayo Vallecano,,,
24-05-2026 22:00,Estadio Olímpico de la Cartuja,Real Betis,Levante UD,,,
24-05-2026 22:00,Estadio ABANCA Balaídos,Celta,Sevilla FC,,,
24-05-2026 22:00,RCDE Stadium,RCD Espanyol de Barcelona,Real Sociedad,,,
24-05-2026 22:00,Coliseum,Getafe CF,CA Osasuna,,,
24-05-2026 22:00,Estadi Mallorca Son Moix,RCD Mallorca,Real Oviedo,,,
24-05-2026 22:00,Estadio Santiago Bernabéu,Real Madrid,Athletic Club,,,
24-05-2026 22:00,Estadio de la Cerámica,Villarreal CF,Atlético de Madrid,,,
24-05-2026 22:00,Camp de Mestalla,Valencia CF,FC Barcelona,,,
24-05-2026 22:00,Estadio Municipal de Montilivi,Girona FC,Elche CF,,,