Match Number,Round Number,Date,Location,Home Team,Away Team,Result,Home Score,Away Score
1,1,23-08-2025 19:30,Luigi Ferraris,Genoa,Lecce,draw,0,0
2,1,23-08-2025 19:30,Mapei Stadium - Città del Tricolore,Sassuolo,Napoli,Napoli,0,2
3,1,23-08-2025 21:45,San Siro,Milan,Cremonese,Cremonese,1,2
4,1,23-08-2025 21:45,Olimpico,Roma,Bologna,Roma,1,0
5,1,24-08-2025 19:30,Unipol Domus,Cagliari,Fiorentina,draw,1,1
6,1,24-08-2025 19:30,Giuseppe Sinigaglia,Como,Lazio,Como,2,0
7,1,24-08-2025 21:45,Atleti Azzurri d'Italia,Atalanta,Pisa,draw,1,1
8,1,24-08-2025 21:45,Juventus Stadium,Juventus,Parma,Juventus,2,0
9,1,25-08-2025 19:30,Friuli,Udinese,Hellas Verona,draw,1,1
10,1,25-08-2025 21:45,Giuseppe Meazza,Inter,Torino,Inter,5,0
11,2,29-08-2025 19:30,Giovanni Zini,Cremonese,Sassuolo,Cremonese,3,2
12,2,29-08-2025 21:45,Ettore Giardiniero - Via del mare,Lecce,Milan,Milan,0,2
13,2,30-08-2025 19:30,Renato Dall'Ara,Bologna,Como,Bologna,1,0
14,2,30-08-2025 19:30,Ennio Tardini,Parma,Atalanta,draw,1,1
15,2,30-08-2025 21:45,Diego Armando Maradona,Napoli,Cagliari,Napoli,1,0
16,2,30-08-2025 21:45,Garibaldi,Pisa,Roma,Roma,0,1
17,2,31-08-2025 19:30,Luigi Ferraris,Genoa,Juventus,Juventus,0,1
18,2,31-08-2025 19:30,Olimpico Grande Torino,Torino,Fiorentina,draw,0,0
19,2,31-08-2025 21:45,Giuseppe Meazza,Inter,Udinese,Udinese,1,2
20,2,31-08-2025 21:45,Olimpico,Lazio,Hellas Verona,Lazio,4,0
21,3,13-09-2025 16:00,Unipol Domus,Cagliari,Parma,Cagliari,2,0
22,3,13-09-2025 19:00,Juventus Stadium,Juventus,Inter,Juventus,4,3
23,3,13-09-2025 21:45,Artemio Franchi,Fiorentina,Napoli,Napoli,1,3
24,3,14-09-2025 13:30,Olimpico,Roma,Torino,Torino,0,1
25,3,14-09-2025 16:00,Atleti Azzurri d'Italia,Atalanta,Lecce,Atalanta,4,1
26,3,14-09-2025 16:00,Garibaldi,Pisa,Udinese,Udinese,0,1
27,3,14-09-2025 19:00,Mapei Stadium - Città del Tricolore,Sassuolo,Lazio,Sassuolo,1,0
28,3,14-09-2025 21:45,San Siro,Milan,Bologna,Milan,1,0
29,3,15-09-2025 19:30,Marcantonio Bentegodi,Hellas Verona,Cremonese,draw,0,0
30,3,15-09-2025 21:45,Giuseppe Sinigaglia,Como,Genoa,draw,1,1
39,4,19-09-2025 21:45,Ettore Giardiniero - Via del mare,Lecce,Cagliari,Cagliari,1,2
34,4,20-09-2025 16:00,Renato Dall'Ara,Bologna,Genoa,,,
33,4,20-09-2025 19:00,Marcantonio Bentegodi,Hellas Verona,Juventus,,,
32,4,20-09-2025 21:45,Friuli,Udinese,Milan,,,
31,4,21-09-2025 16:00,Olimpico Grande Torino,Torino,Atalanta,,,
35,4,21-09-2025 16:00,Giovanni Zini,Cremonese,Parma,,,
36,4,21-09-2025 19:00,Artemio Franchi,Fiorentina,Como,,,
37,4,21-09-2025 21:45,Giuseppe Meazza,Inter,Sassuolo,,,
38,4,22-09-2025 01:30,Olimpico,Lazio,Roma,,,
40,4,22-09-2025 21:45,Diego Armando Maradona,Napoli,Pisa,,,
42,5,27-09-2025 16:00,Giuseppe Sinigaglia,Como,Cremonese,,,
44,5,27-09-2025 19:00,Juventus Stadium,Juventus,Atalanta,,,
41,5,27-09-2025 21:45,Unipol Domus,Cagliari,Inter,,,
50,5,28-09-2025 13:30,Mapei Stadium - Città del Tricolore,Sassuolo,Udinese,,,
48,5,28-09-2025 16:00,Garibaldi,Pisa,Fiorentina,,,
49,5,28-09-2025 16:00,Olimpico,Roma,Hellas Verona,,,
45,5,28-09-2025 19:00,Ettore Giardiniero - Via del mare,Lecce,Bologna,,,
43,5,28-09-2025 21:45,Luigi Ferraris,Genoa,Lazio,,,
46,5,28-09-2025 21:45,San Siro,Milan,Napoli,,,
47,5,29-09-2025 19:30,Ennio Tardini,Parma,Torino,,,
60,6,03-10-2025 21:45,Marcantonio Bentegodi,Hellas Verona,Sassuolo,,,
56,6,04-10-2025 16:00,Olimpico,Lazio,Torino,,,
58,6,04-10-2025 16:00,Ennio Tardini,Parma,Lecce,,,
54,6,04-10-2025 19:00,Giuseppe Meazza,Inter,Cremonese,,,
51,6,04-10-2025 21:45,Atleti Azzurri d'Italia,Atalanta,Como,,,
59,6,05-10-2025 13:30,Friuli,Udinese,Cagliari,,,
52,6,05-10-2025 16:00,Renato Dall'Ara,Bologna,Pisa,,,
53,6,05-10-2025 16:00,Artemio Franchi,Fiorentina,Roma,,,
57,6,05-10-2025 19:00,Diego Armando Maradona,Napoli,Genoa,,,
55,6,05-10-2025 21:45,Juventus Stadium,Juventus,Milan,,,
66,7,18-10-2025 16:00,Ettore Giardiniero - Via del mare,Lecce,Sassuolo,,,
68,7,18-10-2025 16:00,Garibaldi,Pisa,Hellas Verona,,,
70,7,18-10-2025 19:00,Olimpico Grande Torino,Torino,Napoli,,,
69,7,18-10-2025 21:45,Olimpico,Roma,Inter,,,
63,7,19-10-2025 13:30,Giuseppe Sinigaglia,Como,Juventus,,,
62,7,19-10-2025 16:00,Unipol Domus,Cagliari,Bologna,,,
65,7,19-10-2025 16:00,Luigi Ferraris,Genoa,Parma,,,
61,7,19-10-2025 19:00,Atleti Azzurri d'Italia,Atalanta,Lazio,,,
67,7,19-10-2025 21:45,San Siro,Milan,Fiorentina,,,
64,7,20-10-2025 21:45,Giovanni Zini,Cremonese,Udinese,,,
76,8,24-10-2025 21:45,San Siro,Milan,Pisa,,,
71,8,25-10-2025 16:00,Friuli,Udinese,Lecce,,,
78,8,25-10-2025 16:00,Ennio Tardini,Parma,Como,,,
77,8,25-10-2025 19:00,Diego Armando Maradona,Napoli,Inter,,,
73,8,25-10-2025 21:45,Giovanni Zini,Cremonese,Atalanta,,,
80,8,26-10-2025 13:30,Olimpico Grande Torino,Torino,Genoa,,,
72,8,26-10-2025 16:00,Marcantonio Bentegodi,Hellas Verona,Cagliari,,,
79,8,26-10-2025 16:00,Mapei Stadium - Città del Tricolore,Sassuolo,Roma,,,
74,8,26-10-2025 19:00,Artemio Franchi,Fiorentina,Bologna,,,
75,8,26-10-2025 21:45,Olimpico,Lazio,Juventus,,,
88,9,28-10-2025 19:30,Ettore Giardiniero - Via del mare,Lecce,Napoli,,,
81,9,28-10-2025 21:45,Atleti Azzurri d'Italia,Atalanta,Milan,,,
82,9,29-10-2025 19:30,Renato Dall'Ara,Bologna,Torino,,,
87,9,29-10-2025 19:30,Juventus Stadium,Juventus,Udinese,,,
90,9,29-10-2025 19:30,Olimpico,Roma,Parma,,,
84,9,29-10-2025 21:45,Giuseppe Sinigaglia,Como,Hellas Verona,,,
85,9,29-10-2025 21:45,Luigi Ferraris,Genoa,Cremonese,,,
86,9,29-10-2025 21:45,Giuseppe Meazza,Inter,Fiorentina,,,
83,9,30-10-2025 19:30,Unipol Domus,Cagliari,Sassuolo,,,
89,9,30-10-2025 21:45,Garibaldi,Pisa,Lazio,,,
99,10,01-11-2025 16:00,Friuli,Udinese,Atalanta,,,
95,10,01-11-2025 19:00,Diego Armando Maradona,Napoli,Como,,,
91,10,01-11-2025 21:45,Giovanni Zini,Cremonese,Juventus,,,
100,10,02-11-2025 13:30,Marcantonio Bentegodi,Hellas Verona,Inter,,,
92,10,02-11-2025 16:00,Artemio Franchi,Fiorentina,Lecce,,,
98,10,02-11-2025 16:00,Olimpico Grande Torino,Torino,Pisa,,,
96,10,02-11-2025 19:00,Ennio Tardini,Parma,Bologna,,,
94,10,02-11-2025 21:45,San Siro,Milan,Roma,,,
97,10,03-11-2025 19:30,Mapei Stadium - Città del Tricolore,Sassuolo,Genoa,,,
93,10,03-11-2025 21:45,Olimpico,Lazio,Cagliari,,,
109,11,07-11-2025 21:45,Garibaldi,Pisa,Cremonese,,,
103,11,08-11-2025 16:00,Giuseppe Sinigaglia,Como,Cagliari,,,
107,11,08-11-2025 16:00,Ettore Giardiniero - Via del mare,Lecce,Hellas Verona,,,
106,11,08-11-2025 19:00,Juventus Stadium,Juventus,Torino,,,
108,11,08-11-2025 21:45,Ennio Tardini,Parma,Milan,,,
101,11,09-11-2025 13:30,Atleti Azzurri d'Italia,Atalanta,Sassuolo,,,
102,11,09-11-2025 16:00,Renato Dall'Ara,Bologna,Napoli,,,
104,11,09-11-2025 16:00,Luigi Ferraris,Genoa,Fiorentina,,,
110,11,09-11-2025 19:00,Olimpico,Roma,Udinese,,,
105,11,09-11-2025 21:45,Giuseppe Meazza,Inter,Lazio,,,
112,12,22-11-2025 16:00,Unipol Domus,Cagliari,Genoa,,,
120,12,22-11-2025 16:00,Friuli,Udinese,Bologna,,,
114,12,22-11-2025 19:00,Artemio Franchi,Fiorentina,Juventus,,,
117,12,22-11-2025 21:45,Diego Armando Maradona,Napoli,Atalanta,,,
111,12,23-11-2025 13:30,Marcantonio Bentegodi,Hellas Verona,Parma,,,
113,12,23-11-2025 16:00,Giovanni Zini,Cremonese,Roma,,,
116,12,23-11-2025 19:00,Olimpico,Lazio,Lecce,,,
115,12,23-11-2025 21:45,Giuseppe Meazza,Inter,Milan,,,
119,12,24-11-2025 19:30,Olimpico Grande Torino,Torino,Como,,,
118,12,24-11-2025 21:45,Mapei Stadium - Città del Tricolore,Sassuolo,Pisa,,,
121,13,30-11-2025 16:00,Atleti Azzurri d'Italia,Atalanta,Fiorentina,,,
122,13,30-11-2025 16:00,Renato Dall'Ara,Bologna,Cremonese,,,
123,13,30-11-2025 16:00,Giuseppe Sinigaglia,Como,Sassuolo,,,
124,13,30-11-2025 16:00,Luigi Ferraris,Genoa,Hellas Verona,,,
125,13,30-11-2025 16:00,Juventus Stadium,Juventus,Cagliari,,,
126,13,30-11-2025 16:00,Ettore Giardiniero - Via del mare,Lecce,Torino,,,
127,13,30-11-2025 16:00,San Siro,Milan,Lazio,,,
128,13,30-11-2025 16:00,Ennio Tardini,Parma,Udinese,,,
129,13,30-11-2025 16:00,Garibaldi,Pisa,Inter,,,
130,13,30-11-2025 16:00,Olimpico,Roma,Napoli,,,
131,14,07-12-2025 16:00,Unipol Domus,Cagliari,Roma,,,
132,14,07-12-2025 16:00,Giovanni Zini,Cremonese,Lecce,,,
133,14,07-12-2025 16:00,Giuseppe Meazza,Inter,Como,,,
134,14,07-12-2025 16:00,Olimpico,Lazio,Bologna,,,
135,14,07-12-2025 16:00,Diego Armando Maradona,Napoli,Juventus,,,
136,14,07-12-2025 16:00,Garibaldi,Pisa,Parma,,,
137,14,07-12-2025 16:00,Mapei Stadium - Città del Tricolore,Sassuolo,Fiorentina,,,
138,14,07-12-2025 16:00,Olimpico Grande Torino,Torino,Milan,,,
139,14,07-12-2025 16:00,Friuli,Udinese,Genoa,,,
140,14,07-12-2025 16:00,Marcantonio Bentegodi,Hellas Verona,Atalanta,,,
141,15,14-12-2025 16:00,Atleti Azzurri d'Italia,Atalanta,Cagliari,,,
142,15,14-12-2025 16:00,Renato Dall'Ara,Bologna,Juventus,,,
143,15,14-12-2025 16:00,Artemio Franchi,Fiorentina,Hellas Verona,,,
144,15,14-12-2025 16:00,Luigi Ferraris,Genoa,Inter,,,
145,15,14-12-2025 16:00,Ettore Giardiniero - Via del mare,Lecce,Pisa,,,
146,15,14-12-2025 16:00,San Siro,Milan,Sassuolo,,,
147,15,14-12-2025 16:00,Ennio Tardini,Parma,Lazio,,,
148,15,14-12-2025 16:00,Olimpico,Roma,Como,,,
149,15,14-12-2025 16:00,Olimpico Grande Torino,Torino,Cremonese,,,
150,15,14-12-2025 16:00,Friuli,Udinese,Napoli,,,
151,16,21-12-2025 16:00,Unipol Domus,Cagliari,Pisa,,,
152,16,21-12-2025 16:00,Giuseppe Sinigaglia,Como,Milan,,,
153,16,21-12-2025 16:00,Artemio Franchi,Fiorentina,Udinese,,,
154,16,21-12-2025 16:00,Luigi Ferraris,Genoa,Atalanta,,,
155,16,21-12-2025 16:00,Giuseppe Meazza,Inter,Lecce,,,
156,16,21-12-2025 16:00,Juventus Stadium,Juventus,Roma,,,
157,16,21-12-2025 16:00,Olimpico,Lazio,Cremonese,,,
158,16,21-12-2025 16:00,Diego Armando Maradona,Napoli,Parma,,,
159,16,21-12-2025 16:00,Mapei Stadium - Città del Tricolore,Sassuolo,Torino,,,
160,16,21-12-2025 16:00,Marcantonio Bentegodi,Hellas Verona,Bologna,,,
161,17,28-12-2025 16:00,Renato Dall'Ara,Bologna,Sassuolo,,,
162,17,28-12-2025 16:00,Giovanni Zini,Cremonese,Napoli,,,
163,17,28-12-2025 16:00,Ettore Giardiniero - Via del mare,Lecce,Como,,,
164,17,28-12-2025 16:00,San Siro,Milan,Hellas Verona,,,
165,17,28-12-2025 16:00,Ennio Tardini,Parma,Fiorentina,,,
166,17,28-12-2025 16:00,Garibaldi,Pisa,Juventus,,,
167,17,28-12-2025 16:00,Olimpico,Roma,Genoa,,,
168,17,28-12-2025 16:00,Olimpico Grande Torino,Torino,Cagliari,,,
169,17,28-12-2025 16:00,Friuli,Udinese,Lazio,,,
170,17,28-12-2025 16:00,Atleti Azzurri d'Italia,Atalanta,Inter,,,
171,18,03-01-2026 16:00,Atleti Azzurri d'Italia,Atalanta,Roma,,,
172,18,03-01-2026 16:00,Unipol Domus,Cagliari,Milan,,,
173,18,03-01-2026 16:00,Giuseppe Sinigaglia,Como,Udinese,,,
174,18,03-01-2026 16:00,Artemio Franchi,Fiorentina,Cremonese,,,
175,18,03-01-2026 16:00,Luigi Ferraris,Genoa,Pisa,,,
176,18,03-01-2026 16:00,Giuseppe Meazza,Inter,Bologna,,,
177,18,03-01-2026 16:00,Juventus Stadium,Juventus,Lecce,,,
178,18,03-01-2026 16:00,Olimpico,Lazio,Napoli,,,
179,18,03-01-2026 16:00,Mapei Stadium - Città del Tricolore,Sassuolo,Parma,,,
180,18,03-01-2026 16:00,Marcantonio Bentegodi,Hellas Verona,Torino,,,
181,19,06-01-2026 16:00,Renato Dall'Ara,Bologna,Atalanta,,,
182,19,06-01-2026 16:00,Giovanni Zini,Cremonese,Cagliari,,,
183,19,06-01-2026 16:00,Olimpico,Lazio,Fiorentina,,,
184,19,06-01-2026 16:00,Ettore Giardiniero - Via del mare,Lecce,Roma,,,
185,19,06-01-2026 16:00,San Siro,Milan,Genoa,,,
186,19,06-01-2026 16:00,Diego Armando Maradona,Napoli,Hellas Verona,,,
187,19,06-01-2026 16:00,Ennio Tardini,Parma,Inter,,,
188,19,06-01-2026 16:00,Garibaldi,Pisa,Como,,,
189,19,06-01-2026 16:00,Mapei Stadium - Città del Tricolore,Sassuolo,Juventus,,,
190,19,06-01-2026 16:00,Olimpico Grande Torino,Torino,Udinese,,,
191,20,11-01-2026 16:00,Atleti Azzurri d'Italia,Atalanta,Torino,,,
192,20,11-01-2026 16:00,Giuseppe Sinigaglia,Como,Bologna,,,
193,20,11-01-2026 16:00,Artemio Franchi,Fiorentina,Milan,,,
194,20,11-01-2026 16:00,Luigi Ferraris,Genoa,Cagliari,,,
195,20,11-01-2026 16:00,Giuseppe Meazza,Inter,Napoli,,,
196,20,11-01-2026 16:00,Juventus Stadium,Juventus,Cremonese,,,
197,20,11-01-2026 16:00,Ettore Giardiniero - Via del mare,Lecce,Parma,,,
198,20,11-01-2026 16:00,Olimpico,Roma,Sassuolo,,,
199,20,11-01-2026 16:00,Friuli,Udinese,Pisa,,,
200,20,11-01-2026 16:00,Marcantonio Bentegodi,Hellas Verona,Lazio,,,
201,21,18-01-2026 16:00,Giovanni Zini,Cremonese,Hellas Verona,,,
202,21,18-01-2026 16:00,Olimpico,Lazio,Como,,,
203,21,18-01-2026 16:00,San Siro,Milan,Lecce,,,
204,21,18-01-2026 16:00,Diego Armando Maradona,Napoli,Sassuolo,,,
205,21,18-01-2026 16:00,Ennio Tardini,Parma,Genoa,,,
206,21,18-01-2026 16:00,Garibaldi,Pisa,Atalanta,,,
207,21,18-01-2026 16:00,Olimpico Grande Torino,Torino,Roma,,,
208,21,18-01-2026 16:00,Friuli,Udinese,Inter,,,
209,21,18-01-2026 16:00,Renato Dall'Ara,Bologna,Fiorentina,,,
210,21,18-01-2026 16:00,Unipol Domus,Cagliari,Juventus,,,
211,22,25-01-2026 16:00,Atleti Azzurri d'Italia,Atalanta,Parma,,,
212,22,25-01-2026 16:00,Giuseppe Sinigaglia,Como,Torino,,,
213,22,25-01-2026 16:00,Artemio Franchi,Fiorentina,Cagliari,,,
214,22,25-01-2026 16:00,Luigi Ferraris,Genoa,Bologna,,,
215,22,25-01-2026 16:00,Giuseppe Meazza,Inter,Pisa,,,
216,22,25-01-2026 16:00,Juventus Stadium,Juventus,Napoli,,,
217,22,25-01-2026 16:00,Ettore Giardiniero - Via del mare,Lecce,Lazio,,,
218,22,25-01-2026 16:00,Olimpico,Roma,Milan,,,
219,22,25-01-2026 16:00,Mapei Stadium - Città del Tricolore,Sassuolo,Cremonese,,,
220,22,25-01-2026 16:00,Marcantonio Bentegodi,Hellas Verona,Udinese,,,
221,23,01-02-2026 16:00,Renato Dall'Ara,Bologna,Milan,,,
222,23,01-02-2026 16:00,Unipol Domus,Cagliari,Hellas Verona,,,
223,23,01-02-2026 16:00,Giuseppe Sinigaglia,Como,Atalanta,,,
224,23,01-02-2026 16:00,Giovanni Zini,Cremonese,Inter,,,
225,23,01-02-2026 16:00,Olimpico,Lazio,Genoa,,,
226,23,01-02-2026 16:00,Diego Armando Maradona,Napoli,Fiorentina,,,
227,23,01-02-2026 16:00,Ennio Tardini,Parma,Juventus,,,
228,23,01-02-2026 16:00,Garibaldi,Pisa,Sassuolo,,,
229,23,01-02-2026 16:00,Olimpico Grande Torino,Torino,Lecce,,,
230,23,01-02-2026 16:00,Friuli,Udinese,Roma,,,
231,24,08-02-2026 16:00,Marcantonio Bentegodi,Hellas Verona,Pisa,,,
232,24,08-02-2026 16:00,Mapei Stadium - Città del Tricolore,Sassuolo,Inter,,,
233,24,08-02-2026 16:00,Olimpico,Roma,Cagliari,,,
234,24,08-02-2026 16:00,Atleti Azzurri d'Italia,Atalanta,Cremonese,,,
235,24,08-02-2026 16:00,Renato Dall'Ara,Bologna,Parma,,,
236,24,08-02-2026 16:00,Artemio Franchi,Fiorentina,Torino,,,
237,24,08-02-2026 16:00,Luigi Ferraris,Genoa,Napoli,,,
238,24,08-02-2026 16:00,Juventus Stadium,Juventus,Lazio,,,
239,24,08-02-2026 16:00,Ettore Giardiniero - Via del mare,Lecce,Udinese,,,
240,24,08-02-2026 16:00,San Siro,Milan,Como,,,
241,25,15-02-2026 16:00,Unipol Domus,Cagliari,Lecce,,,
242,25,15-02-2026 16:00,Giuseppe Sinigaglia,Como,Fiorentina,,,
243,25,15-02-2026 16:00,Giovanni Zini,Cremonese,Genoa,,,
244,25,15-02-2026 16:00,Giuseppe Meazza,Inter,Juventus,,,
245,25,15-02-2026 16:00,Olimpico,Lazio,Atalanta,,,
246,25,15-02-2026 16:00,Diego Armando Maradona,Napoli,Roma,,,
247,25,15-02-2026 16:00,Ennio Tardini,Parma,Hellas Verona,,,
248,25,15-02-2026 16:00,Garibaldi,Pisa,Milan,,,
249,25,15-02-2026 16:00,Olimpico Grande Torino,Torino,Bologna,,,
250,25,15-02-2026 16:00,Friuli,Udinese,Sassuolo,,,
251,26,22-02-2026 16:00,Atleti Azzurri d'Italia,Atalanta,Napoli,,,
252,26,22-02-2026 16:00,Renato Dall'Ara,Bologna,Udinese,,,
253,26,22-02-2026 16:00,Unipol Domus,Cagliari,Lazio,,,
254,26,22-02-2026 16:00,Artemio Franchi,Fiorentina,Pisa,,,
255,26,22-02-2026 16:00,Luigi Ferraris,Genoa,Torino,,,
256,26,22-02-2026 16:00,Juventus Stadium,Juventus,Como,,,
257,26,22-02-2026 16:00,Ettore Giardiniero - Via del mare,Lecce,Inter,,,
258,26,22-02-2026 16:00,San Siro,Milan,Parma,,,
259,26,22-02-2026 16:00,Olimpico,Roma,Cremonese,,,
260,26,22-02-2026 16:00,Mapei Stadium - Città del Tricolore,Sassuolo,Hellas Verona,,,
261,27,01-03-2026 16:00,Giovanni Zini,Cremonese,Milan,,,
262,27,01-03-2026 16:00,Giuseppe Meazza,Inter,Genoa,,,
263,27,01-03-2026 16:00,Ennio Tardini,Parma,Cagliari,,,
264,27,01-03-2026 16:00,Garibaldi,Pisa,Bologna,,,
265,27,01-03-2026 16:00,Olimpico,Roma,Juventus,,,
266,27,01-03-2026 16:00,Marcantonio Bentegodi,Hellas Verona,Napoli,,,
267,27,01-03-2026 16:00,Friuli,Udinese,Fiorentina,,,
268,27,01-03-2026 16:00,Olimpico Grande Torino,Torino,Lazio,,,
269,27,01-03-2026 16:00,Mapei Stadium - Città del Tricolore,Sassuolo,Atalanta,,,
270,27,01-03-2026 16:00,Giuseppe Sinigaglia,Como,Lecce,,,
271,28,08-03-2026 16:00,Diego Armando Maradona,Napoli,Torino,,,
272,28,08-03-2026 16:00,Atleti Azzurri d'Italia,Atalanta,Udinese,,,
273,28,08-03-2026 16:00,Unipol Domus,Cagliari,Como,,,
274,28,08-03-2026 16:00,Artemio Franchi,Fiorentina,Parma,,,
275,28,08-03-2026 16:00,Luigi Ferraris,Genoa,Roma,,,
276,28,08-03-2026 16:00,Juventus Stadium,Juventus,Pisa,,,
277,28,08-03-2026 16:00,Olimpico,Lazio,Sassuolo,,,
278,28,08-03-2026 16:00,Ettore Giardiniero - Via del mare,Lecce,Cremonese,,,
279,28,08-03-2026 16:00,San Siro,Milan,Inter,,,
280,28,08-03-2026 16:00,Renato Dall'Ara,Bologna,Hellas Verona,,,
281,29,15-03-2026 16:00,Giuseppe Sinigaglia,Como,Roma,,,
282,29,15-03-2026 16:00,Giovanni Zini,Cremonese,Fiorentina,,,
283,29,15-03-2026 16:00,Giuseppe Meazza,Inter,Atalanta,,,
284,29,15-03-2026 16:00,Olimpico,Lazio,Milan,,,
285,29,15-03-2026 16:00,Diego Armando Maradona,Napoli,Lecce,,,
286,29,15-03-2026 16:00,Garibaldi,Pisa,Cagliari,,,
287,29,15-03-2026 16:00,Mapei Stadium - Città del Tricolore,Sassuolo,Bologna,,,
288,29,15-03-2026 16:00,Olimpico Grande Torino,Torino,Parma,,,
289,29,15-03-2026 16:00,Friuli,Udinese,Juventus,,,
290,29,15-03-2026 16:00,Marcantonio Bentegodi,Hellas Verona,Genoa,,,
291,30,22-03-2026 16:00,Atleti Azzurri d'Italia,Atalanta,Hellas Verona,,,
292,30,22-03-2026 16:00,Renato Dall'Ara,Bologna,Lazio,,,
293,30,22-03-2026 16:00,Unipol Domus,Cagliari,Napoli,,,
294,30,22-03-2026 16:00,Giuseppe Sinigaglia,Como,Pisa,,,
295,30,22-03-2026 16:00,Artemio Franchi,Fiorentina,Inter,,,
296,30,22-03-2026 16:00,Luigi Ferraris,Genoa,Udinese,,,
297,30,22-03-2026 16:00,Juventus Stadium,Juventus,Sassuolo,,,
298,30,22-03-2026 16:00,San Siro,Milan,Torino,,,
299,30,22-03-2026 16:00,Ennio Tardini,Parma,Cremonese,,,
300,30,22-03-2026 16:00,Olimpico,Roma,Lecce,,,
301,31,04-04-2026 16:00,Giovanni Zini,Cremonese,Bologna,,,
302,31,04-04-2026 16:00,Giuseppe Meazza,Inter,Roma,,,
303,31,04-04-2026 16:00,Juventus Stadium,Juventus,Genoa,,,
304,31,04-04-2026 16:00,Olimpico,Lazio,Parma,,,
305,31,04-04-2026 16:00,Ettore Giardiniero - Via del mare,Lecce,Atalanta,,,
306,31,04-04-2026 16:00,Diego Armando Maradona,Napoli,Milan,,,
307,31,04-04-2026 16:00,Garibaldi,Pisa,Torino,,,
308,31,04-04-2026 16:00,Mapei Stadium - Città del Tricolore,Sassuolo,Cagliari,,,
309,31,04-04-2026 16:00,Friuli,Udinese,Como,,,
310,31,04-04-2026 16:00,Marcantonio Bentegodi,Hellas Verona,Fiorentina,,,
311,32,12-04-2026 16:00,Atleti Azzurri d'Italia,Atalanta,Juventus,,,
312,32,12-04-2026 16:00,Renato Dall'Ara,Bologna,Lecce,,,
313,32,12-04-2026 16:00,Unipol Domus,Cagliari,Cremonese,,,
314,32,12-04-2026 16:00,Giuseppe Sinigaglia,Como,Inter,,,
315,32,12-04-2026 16:00,Artemio Franchi,Fiorentina,Lazio,,,
316,32,12-04-2026 16:00,Luigi Ferraris,Genoa,Sassuolo,,,
317,32,12-04-2026 16:00,San Siro,Milan,Udinese,,,
318,32,12-04-2026 16:00,Ennio Tardini,Parma,Napoli,,,
319,32,12-04-2026 16:00,Olimpico,Roma,Pisa,,,
320,32,12-04-2026 16:00,Olimpico Grande Torino,Torino,Hellas Verona,,,
321,33,19-04-2026 16:00,Giuseppe Meazza,Inter,Cagliari,,,
322,33,19-04-2026 16:00,Juventus Stadium,Juventus,Bologna,,,
323,33,19-04-2026 16:00,Ettore Giardiniero - Via del mare,Lecce,Fiorentina,,,
324,33,19-04-2026 16:00,Diego Armando Maradona,Napoli,Lazio,,,
325,33,19-04-2026 16:00,Garibaldi,Pisa,Genoa,,,
326,33,19-04-2026 16:00,Olimpico,Roma,Atalanta,,,
327,33,19-04-2026 16:00,Mapei Stadium - Città del Tricolore,Sassuolo,Como,,,
328,33,19-04-2026 16:00,Friuli,Udinese,Parma,,,
329,33,19-04-2026 16:00,Marcantonio Bentegodi,Hellas Verona,Milan,,,
330,33,19-04-2026 16:00,Giovanni Zini,Cremonese,Torino,,,
331,34,26-04-2026 16:00,Renato Dall'Ara,Bologna,Roma,,,
332,34,26-04-2026 16:00,Unipol Domus,Cagliari,Atalanta,,,
333,34,26-04-2026 16:00,Artemio Franchi,Fiorentina,Sassuolo,,,
334,34,26-04-2026 16:00,Luigi Ferraris,Genoa,Como,,,
335,34,26-04-2026 16:00,Olimpico,Lazio,Udinese,,,
336,34,26-04-2026 16:00,San Siro,Milan,Juventus,,,
337,34,26-04-2026 16:00,Diego Armando Maradona,Napoli,Cremonese,,,
338,34,26-04-2026 16:00,Ennio Tardini,Parma,Pisa,,,
339,34,26-04-2026 16:00,Olimpico Grande Torino,Torino,Inter,,,
340,34,26-04-2026 16:00,Marcantonio Bentegodi,Hellas Verona,Lecce,,,
341,35,03-05-2026 16:00,Atleti Azzurri d'Italia,Atalanta,Genoa,,,
342,35,03-05-2026 16:00,Renato Dall'Ara,Bologna,Cagliari,,,
343,35,03-05-2026 16:00,Giuseppe Sinigaglia,Como,Napoli,,,
344,35,03-05-2026 16:00,Giovanni Zini,Cremonese,Lazio,,,
345,35,03-05-2026 16:00,Giuseppe Meazza,Inter,Parma,,,
346,35,03-05-2026 16:00,Juventus Stadium,Juventus,Hellas Verona,,,
347,35,03-05-2026 16:00,Garibaldi,Pisa,Lecce,,,
348,35,03-05-2026 16:00,Olimpico,Roma,Fiorentina,,,
349,35,03-05-2026 16:00,Mapei Stadium - Città del Tricolore,Sassuolo,Milan,,,
350,35,03-05-2026 16:00,Friuli,Udinese,Torino,,,
351,36,10-05-2026 16:00,Marcantonio Bentegodi,Hellas Verona,Como,,,
352,36,10-05-2026 16:00,Unipol Domus,Cagliari,Udinese,,,
353,36,10-05-2026 16:00,Giovanni Zini,Cremonese,Pisa,,,
354,36,10-05-2026 16:00,Artemio Franchi,Fiorentina,Genoa,,,
355,36,10-05-2026 16:00,Olimpico,Lazio,Inter,,,
356,36,10-05-2026 16:00,Ettore Giardiniero - Via del mare,Lecce,Juventus,,,
357,36,10-05-2026 16:00,San Siro,Milan,Atalanta,,,
358,36,10-05-2026 16:00,Diego Armando Maradona,Napoli,Bologna,,,
359,36,10-05-2026 16:00,Ennio Tardini,Parma,Roma,,,
360,36,10-05-2026 16:00,Olimpico Grande Torino,Torino,Sassuolo,,,
361,37,17-05-2026 16:00,Atleti Azzurri d'Italia,Atalanta,Bologna,,,
362,37,17-05-2026 16:00,Unipol Domus,Cagliari,Torino,,,
363,37,17-05-2026 16:00,Giuseppe Sinigaglia,Como,Parma,,,
364,37,17-05-2026 16:00,Luigi Ferraris,Genoa,Milan,,,
365,37,17-05-2026 16:00,Giuseppe Meazza,Inter,Hellas Verona,,,
366,37,17-05-2026 16:00,Juventus Stadium,Juventus,Fiorentina,,,
367,37,17-05-2026 16:00,Garibaldi,Pisa,Napoli,,,
368,37,17-05-2026 16:00,Olimpico,Roma,Lazio,,,
369,37,17-05-2026 16:00,Mapei Stadium - Città del Tricolore,Sassuolo,Lecce,,,
370,37,17-05-2026 16:00,Friuli,Udinese,Cremonese,,,
371,38,24-05-2026 16:00,Renato Dall'Ara,Bologna,Inter,,,
372,38,24-05-2026 16:00,Giovanni Zini,Cremonese,Como,,,
373,38,24-05-2026 16:00,Artemio Franchi,Fiorentina,Atalanta,,,
374,38,24-05-2026 16:00,Olimpico,Lazio,Pisa,,,
375,38,24-05-2026 16:00,Ettore Giardiniero - Via del mare,Lecce,Genoa,,,
376,38,24-05-2026 16:00,San Siro,Milan,Cagliari,,,
377,38,24-05-2026 16:00,Diego Armando Maradona,Napoli,Udinese,,,
378,38,24-05-2026 16:00,Ennio Tardini,Parma,Sassuolo,,,
379,38,24-05-2026 16:00,Olimpico Grande Torino,Torino,Juventus,,,
380,38,24-05-2026 16:00,Marcantonio Bentegodi,Hellas Verona,Roma,,,